gradient_descent_sst best cost max,gradient_descent_sst best cost mean,gradient_descent_sst best cost min,gradient_descent_sst best cost std,gradient_descent_sst success fraction,gradient_descent_sst time,policy_guided_gradient_descent_sst best cost max,policy_guided_gradient_descent_sst best cost mean,policy_guided_gradient_descent_sst best cost min,policy_guided_gradient_descent_sst best cost std,policy_guided_gradient_descent_sst success fraction,policy_guided_gradient_descent_sst time,policy_guided_sst best cost max,policy_guided_sst best cost mean,policy_guided_sst best cost min,policy_guided_sst best cost std,policy_guided_sst success fraction,policy_guided_sst time,rl best cost max,rl best cost mean,rl best cost min,rl best cost std,rl success fraction,rl time,stable_sparse_rrt best cost max,stable_sparse_rrt best cost mean,stable_sparse_rrt best cost min,stable_sparse_rrt best cost std,stable_sparse_rrt success fraction,stable_sparse_rrt time
inf,65.61111111111111,5.0,38.93104857578173,0.0,0,154.0,55.48,4.0,38.143539426749584,0.0,0,159.0,64.36,3.0,38.04248151737739,0.0,0,350.0,57.04,3.0,52.81021113383282,0.0,0,inf,67.26666666666667,4.0,43.493243408858596,0.0,0
inf,65.61111111111111,5.0,38.93104857578173,0.02,0.1,154.0,54.3106830615761,4.0,38.856590328176296,0.36,0.1,159.0,63.000514133872166,3.0,38.62350430309872,0.42,0.1,350.0,57.04,3.0,52.81021113383282,0.98,0.1,inf,66.33059151745573,3.0,43.71115035406562,0.16,0.1
inf,65.44839781888773,5.0,39.03730839095631,0.1,0.2,154.0,53.91587611676287,1.0,39.191580490067736,0.56,0.2,159.0,60.74973352247403,3.0,38.87635916755143,0.78,0.2,350.0,57.04,3.0,52.81021113383282,1.0,0.2,inf,62.33980555581494,3.0,43.035192183796546,0.24,0.2
inf,65.31751540930998,5.0,39.13733158323393,0.12,0.30000000000000004,154.0,52.93382185916808,1.0,37.64282963990685,0.74,0.30000000000000004,159.0,57.531325634400346,3.0,37.850838177882295,0.88,0.30000000000000004,350.0,57.04,3.0,52.81021113383282,1.0,0.30000000000000004,inf,61.08685987514947,3.0,42.618091219762896,0.34,0.30000000000000004
inf,65.30555555555556,5.0,39.14561096757453,0.16,0.4,154.0,51.79176182835204,1.0,37.24225614788042,0.82,0.4,157.84965725856992,54.47123271403296,3.0,36.5539865323818,0.98,0.4,350.0,57.04,3.0,52.81021113383282,1.0,0.4,inf,60.29573798022634,3.0,42.952901010944316,0.42,0.4
inf,64.6693208085162,5.0,37.851538282899035,0.22,0.5,154.0,51.08429289701882,1.0,36.55941525372757,0.86,0.5,155.78271009665067,52.444230337916295,3.0,35.55951380152485,0.98,0.5,350.0,57.04,3.0,52.81021113383282,1.0,0.5,inf,60.126455686437225,3.0,43.01130881580621,0.46,0.5
inf,63.61671235451851,5.0,36.36098054057527,0.3,0.6,154.0,49.39599778557037,1.0,35.82243823923351,0.9,0.6,153.7157629347314,51.39112578846626,3.0,34.70747523149384,1.0,0.6,350.0,57.04,3.0,52.81021113383282,1.0,0.6,inf,60.06666666666667,3.0,43.058822815100534,0.56,0.6
inf,61.55448463488301,5.0,33.678811535895846,0.36,0.7,144.35938114797762,48.47488307874709,1.0,34.759838047752375,0.94,0.7,151.64881577281213,50.69943178469533,3.0,33.73446133608877,1.0,0.7,350.0,57.04,3.0,52.81021113383282,1.0,0.7,inf,60.06666666666667,3.0,43.058822815100534,0.6,0.7
inf,59.708104849719575,5.0,32.432464877131586,0.38,0.7999999999999999,139.21520570431983,47.691659680461186,1.0,33.950184382324956,0.98,0.7999999999999999,149.58186861089285,50.12991543410466,3.0,32.905010305623094,1.0,0.7999999999999999,350.0,57.04,3.0,52.81021113383282,1.0,0.7999999999999999,inf,60.06666666666667,3.0,43.058822815100534,0.6,0.7999999999999999
inf,58.461848335173144,5.0,32.69922627673894,0.4,0.8999999999999999,138.07188188799947,47.2122036625011,1.0,33.42845665108295,0.98,0.8999999999999999,147.5149214489736,49.60351452995567,3.0,32.12546544216822,1.0,0.8999999999999999,350.0,57.04,3.0,52.81021113383282,1.0,0.8999999999999999,inf,60.06666666666667,3.0,43.058822815100534,0.6,0.8999999999999999
inf,57.77281733738448,5.0,32.84121233421704,0.42,0.9999999999999999,136.92855807167908,46.81711652236438,1.0,33.026015516933,0.98,0.9999999999999999,145.44797428705434,49.08020396220068,3.0,31.3887900433331,1.0,0.9999999999999999,350.0,57.04,3.0,52.81021113383282,1.0,0.9999999999999999,inf,60.06666666666667,3.0,43.058822815100534,0.6,0.9999999999999999
inf,57.46714212729691,5.0,32.630227889400274,0.44,1.0999999999999999,135.78523425535872,46.483778062266225,1.0,32.650565783292485,0.98,1.0999999999999999,143.38102712513506,48.60781426678173,3.0,30.775357423478756,1.0,1.0999999999999999,350.0,57.04,3.0,52.81021113383282,1.0,1.0999999999999999,inf,60.06666666666667,3.0,43.058822815100534,0.6,1.0999999999999999
inf,57.024911631424075,5.0,32.570167886132886,0.5,1.2,134.64191043903833,46.20758060708297,1.0,32.35000501778834,1.0,1.2,141.3140799632158,48.2998094148736,3.0,30.409630968882276,1.0,1.2,350.0,57.04,3.0,52.81021113383282,1.0,1.2,inf,60.06666666666667,3.0,43.058822815100534,0.6,1.2
inf,56.576077285313886,5.0,32.599983001416646,0.54,1.3,133.49858662271794,45.88905121468517,1.0,32.04552048335877,1.0,1.3,139.24713280129652,48.001257369458756,3.0,30.07766113043293,1.0,1.3,350.0,57.04,3.0,52.81021113383282,1.0,1.3,inf,60.06666666666667,3.0,43.058822815100534,0.6,1.3
inf,56.20493522153855,5.0,32.53962033738407,0.56,1.4000000000000001,132.35526280639758,45.57052182228736,1.0,31.77384974186067,1.0,1.4000000000000001,137.18018563937727,47.70270532404391,3.0,29.76958322690843,1.0,1.4000000000000001,350.0,57.04,3.0,52.81021113383282,1.0,1.4000000000000001,inf,60.06666666666667,3.0,43.058822815100534,0.6,1.4000000000000001
inf,55.57917943130375,5.0,32.19746229666414,0.58,1.5000000000000002,131.2119389900772,45.33229924925168,1.0,31.582749385443847,1.0,1.5000000000000002,136.0,47.45233534171102,3.0,29.558488027630204,1.0,1.5000000000000002,350.0,57.04,3.0,52.81021113383282,1.0,1.5000000000000002,inf,60.06666666666667,3.0,43.058822815100534,0.6,1.5000000000000002
inf,55.33243174566314,5.0,32.17943904273079,0.6,1.6000000000000003,130.0686151737568,45.20576069649769,1.0,31.45936961854063,1.0,1.6000000000000003,136.0,47.26852566862008,3.0,29.459367385847884,1.0,1.6000000000000003,350.0,57.04,3.0,52.81021113383282,1.0,1.6000000000000003,inf,60.06666666666667,3.0,43.058822815100534,0.6,1.6000000000000003
inf,55.09817670034461,5.0,32.20386774207672,0.6,1.7000000000000004,128.92529135743644,45.07939405797511,1.0,31.338357373134496,1.0,1.7000000000000004,136.0,47.103790067023965,3.0,29.38664797785331,1.0,1.7000000000000004,350.0,57.04,3.0,52.81021113383282,1.0,1.7000000000000004,inf,60.06666666666667,3.0,43.058822815100534,0.6,1.7000000000000004
inf,54.93968636440901,5.0,32.2324344289629,0.62,1.8000000000000005,127.78196754111605,44.967324388775744,1.0,31.222613006769098,1.0,1.8000000000000005,136.0,47.00303084762076,3.0,29.38945105243398,1.0,1.8000000000000005,350.0,57.04,3.0,52.81021113383282,1.0,1.8000000000000005,inf,60.06666666666667,3.0,43.058822815100534,0.6,1.8000000000000005
inf,54.828954960444776,5.0,32.25304538769541,0.64,1.9000000000000006,126.63864372479567,44.862318191570594,1.0,31.109044189354382,1.0,1.9000000000000006,136.0,46.92184929137229,3.0,29.422139339318036,1.0,1.9000000000000006,350.0,57.04,3.0,52.81021113383282,1.0,1.9000000000000006,inf,60.06666666666667,3.0,43.058822815100534,0.6,1.9000000000000006
inf,54.722418308477515,5.0,32.283408157989626,0.7,2.0000000000000004,125.4953199084753,44.69314014802586,1.0,30.999582096999692,1.0,2.0000000000000004,136.0,46.88,3.0,29.443260688992993,1.0,2.0000000000000004,350.0,57.04,3.0,52.81021113383282,1.0,2.0000000000000004,inf,60.06666666666667,3.0,43.058822815100534,0.6,2.0000000000000004
inf,54.70004795408384,5.0,32.27551664368483,0.72,2.1000000000000005,125.0,44.54891804116349,1.0,30.93821018838735,1.0,2.1000000000000005,136.0,46.88,3.0,29.443260688992993,1.0,2.1000000000000005,350.0,57.04,3.0,52.81021113383282,1.0,2.1000000000000005,inf,60.06666666666667,3.0,43.058822815100534,0.6,2.1000000000000005
inf,54.68545248140851,5.0,32.272726769973474,0.72,2.2000000000000006,125.0,44.4127457537589,1.0,30.9127257500562,1.0,2.2000000000000006,136.0,46.88,3.0,29.443260688992993,1.0,2.2000000000000006,350.0,57.04,3.0,52.81021113383282,1.0,2.2000000000000006,inf,60.06666666666667,3.0,43.058822815100534,0.6,2.2000000000000006
inf,54.67094614791441,5.0,32.270213912794134,0.72,2.3000000000000007,125.0,44.2765734663543,1.0,30.896823086500603,1.0,2.3000000000000007,136.0,46.88,3.0,29.443260688992993,1.0,2.3000000000000007,350.0,57.04,3.0,52.81021113383282,1.0,2.3000000000000007,inf,60.06666666666667,3.0,43.058822815100534,0.6,2.3000000000000007
inf,54.65900469324373,5.0,32.27122258997062,0.72,2.400000000000001,125.0,44.140401178949716,1.0,30.890516996026832,1.0,2.400000000000001,136.0,46.88,3.0,29.443260688992993,1.0,2.400000000000001,350.0,57.04,3.0,52.81021113383282,1.0,2.400000000000001,inf,60.06666666666667,3.0,43.058822815100534,0.6,2.400000000000001
inf,54.647063238573054,5.0,32.27238588653067,0.72,2.500000000000001,125.0,44.00805036079603,1.0,30.900108679186708,1.0,2.500000000000001,136.0,46.88,3.0,29.443260688992993,1.0,2.500000000000001,350.0,57.04,3.0,52.81021113383282,1.0,2.500000000000001,inf,60.06666666666667,3.0,43.058822815100534,0.6,2.500000000000001
inf,54.638888888888886,5.0,32.273271343479834,0.72,2.600000000000001,125.0,43.92269022240735,1.0,30.89961521159415,1.0,2.600000000000001,136.0,46.88,3.0,29.443260688992993,1.0,2.600000000000001,350.0,57.04,3.0,52.81021113383282,1.0,2.600000000000001,inf,60.06666666666667,3.0,43.058822815100534,0.6,2.600000000000001
inf,54.638888888888886,5.0,32.273271343479834,0.72,2.700000000000001,125.0,43.87340625036444,1.0,30.87485164001228,1.0,2.700000000000001,136.0,46.88,3.0,29.443260688992993,1.0,2.700000000000001,350.0,57.04,3.0,52.81021113383282,1.0,2.700000000000001,inf,60.06666666666667,3.0,43.058822815100534,0.6,2.700000000000001
inf,54.638888888888886,5.0,32.273271343479834,0.72,2.800000000000001,125.0,43.83580524255536,1.0,30.847115243405266,1.0,2.800000000000001,136.0,46.88,3.0,29.443260688992993,1.0,2.800000000000001,350.0,57.04,3.0,52.81021113383282,1.0,2.800000000000001,inf,60.06666666666667,3.0,43.058822815100534,0.6,2.800000000000001
inf,54.638888888888886,5.0,32.273271343479834,0.72,2.9000000000000012,125.0,43.79820423474628,1.0,30.820046676825065,1.0,2.9000000000000012,136.0,46.88,3.0,29.443260688992993,1.0,2.9000000000000012,350.0,57.04,3.0,52.81021113383282,1.0,2.9000000000000012,inf,60.06666666666667,3.0,43.058822815100534,0.6,2.9000000000000012
inf,54.638888888888886,5.0,32.273271343479834,0.72,3.0000000000000013,125.0,43.7606032269372,1.0,30.793647701401323,1.0,3.0000000000000013,136.0,46.88,3.0,29.443260688992993,1.0,3.0000000000000013,350.0,57.04,3.0,52.81021113383282,1.0,3.0000000000000013,inf,60.06666666666667,3.0,43.058822815100534,0.6,3.0000000000000013
inf,54.638888888888886,5.0,32.273271343479834,0.72,3.1000000000000014,125.0,43.74242628270483,1.0,30.789687160186496,1.0,3.1000000000000014,136.0,46.88,3.0,29.443260688992993,1.0,3.1000000000000014,350.0,57.04,3.0,52.81021113383282,1.0,3.1000000000000014,inf,60.06666666666667,3.0,43.058822815100534,0.6,3.1000000000000014
inf,54.638888888888886,5.0,32.273271343479834,0.72,3.2000000000000015,125.0,43.7,1.0,30.812497464502936,1.0,3.2000000000000015,136.0,46.88,3.0,29.443260688992993,1.0,3.2000000000000015,350.0,57.04,3.0,52.81021113383282,1.0,3.2000000000000015,inf,60.06666666666667,3.0,43.058822815100534,0.6,3.2000000000000015
inf,54.638888888888886,5.0,32.273271343479834,0.72,3.3000000000000016,125.0,43.7,1.0,30.812497464502936,1.0,3.3000000000000016,136.0,46.88,3.0,29.443260688992993,1.0,3.3000000000000016,350.0,57.04,3.0,52.81021113383282,1.0,3.3000000000000016,inf,60.06666666666667,3.0,43.058822815100534,0.6,3.3000000000000016
inf,54.638888888888886,5.0,32.273271343479834,0.72,3.4000000000000017,125.0,43.7,1.0,30.812497464502936,1.0,3.4000000000000017,136.0,46.88,3.0,29.443260688992993,1.0,3.4000000000000017,350.0,57.04,3.0,52.81021113383282,1.0,3.4000000000000017,inf,60.06666666666667,3.0,43.058822815100534,0.6,3.4000000000000017
inf,54.638888888888886,5.0,32.273271343479834,0.72,3.5000000000000018,125.0,43.7,1.0,30.812497464502936,1.0,3.5000000000000018,136.0,46.88,3.0,29.443260688992993,1.0,3.5000000000000018,350.0,57.04,3.0,52.81021113383282,1.0,3.5000000000000018,inf,60.06666666666667,3.0,43.058822815100534,0.6,3.5000000000000018
inf,54.638888888888886,5.0,32.273271343479834,0.72,3.600000000000002,125.0,43.7,1.0,30.812497464502936,1.0,3.600000000000002,136.0,46.88,3.0,29.443260688992993,1.0,3.600000000000002,350.0,57.04,3.0,52.81021113383282,1.0,3.600000000000002,inf,60.06666666666667,3.0,43.058822815100534,0.6,3.600000000000002
inf,54.638888888888886,5.0,32.273271343479834,0.72,3.700000000000002,125.0,43.7,1.0,30.812497464502936,1.0,3.700000000000002,136.0,46.88,3.0,29.443260688992993,1.0,3.700000000000002,350.0,57.04,3.0,52.81021113383282,1.0,3.700000000000002,inf,60.06666666666667,3.0,43.058822815100534,0.6,3.700000000000002
inf,54.638888888888886,5.0,32.273271343479834,0.72,3.800000000000002,125.0,43.7,1.0,30.812497464502936,1.0,3.800000000000002,136.0,46.88,3.0,29.443260688992993,1.0,3.800000000000002,350.0,57.04,3.0,52.81021113383282,1.0,3.800000000000002,inf,60.06666666666667,3.0,43.058822815100534,0.6,3.800000000000002
inf,54.638888888888886,5.0,32.273271343479834,0.72,3.900000000000002,125.0,43.7,1.0,30.812497464502936,1.0,3.900000000000002,136.0,46.88,3.0,29.443260688992993,1.0,3.900000000000002,350.0,57.04,3.0,52.81021113383282,1.0,3.900000000000002,inf,60.06666666666667,3.0,43.058822815100534,0.6,3.900000000000002
inf,54.638888888888886,5.0,32.273271343479834,0.72,4.000000000000002,125.0,43.7,1.0,30.812497464502936,1.0,4.000000000000002,136.0,46.88,3.0,29.443260688992993,1.0,4.000000000000002,350.0,57.04,3.0,52.81021113383282,1.0,4.000000000000002,inf,60.06666666666667,3.0,43.058822815100534,0.6,4.000000000000002
inf,54.638888888888886,5.0,32.273271343479834,0.72,4.100000000000001,125.0,43.7,1.0,30.812497464502936,1.0,4.100000000000001,136.0,46.88,3.0,29.443260688992993,1.0,4.100000000000001,350.0,57.04,3.0,52.81021113383282,1.0,4.100000000000001,inf,60.06666666666667,3.0,43.058822815100534,0.6,4.100000000000001
inf,54.638888888888886,5.0,32.273271343479834,0.72,4.200000000000001,125.0,43.7,1.0,30.812497464502936,1.0,4.200000000000001,136.0,46.88,3.0,29.443260688992993,1.0,4.200000000000001,350.0,57.04,3.0,52.81021113383282,1.0,4.200000000000001,inf,60.06666666666667,3.0,43.058822815100534,0.6,4.200000000000001
inf,54.638888888888886,5.0,32.273271343479834,0.72,4.300000000000001,125.0,43.7,1.0,30.812497464502936,1.0,4.300000000000001,136.0,46.88,3.0,29.443260688992993,1.0,4.300000000000001,350.0,57.04,3.0,52.81021113383282,1.0,4.300000000000001,inf,60.06666666666667,3.0,43.058822815100534,0.6,4.300000000000001
inf,54.638888888888886,5.0,32.273271343479834,0.72,4.4,125.0,43.7,1.0,30.812497464502936,1.0,4.4,136.0,46.88,3.0,29.443260688992993,1.0,4.4,350.0,57.04,3.0,52.81021113383282,1.0,4.4,inf,60.06666666666667,3.0,43.058822815100534,0.6,4.4
inf,54.638888888888886,5.0,32.273271343479834,0.72,4.5,125.0,43.7,1.0,30.812497464502936,1.0,4.5,136.0,46.88,3.0,29.443260688992993,1.0,4.5,350.0,57.04,3.0,52.81021113383282,1.0,4.5,inf,60.06666666666667,3.0,43.058822815100534,0.6,4.5
inf,54.638888888888886,5.0,32.273271343479834,0.72,4.6,125.0,43.7,1.0,30.812497464502936,1.0,4.6,136.0,46.88,3.0,29.443260688992993,1.0,4.6,350.0,57.04,3.0,52.81021113383282,1.0,4.6,inf,60.06666666666667,3.0,43.058822815100534,0.6,4.6
inf,54.638888888888886,5.0,32.273271343479834,0.72,4.699999999999999,125.0,43.7,1.0,30.812497464502936,1.0,4.699999999999999,136.0,46.88,3.0,29.443260688992993,1.0,4.699999999999999,350.0,57.04,3.0,52.81021113383282,1.0,4.699999999999999,inf,60.06666666666667,3.0,43.058822815100534,0.6,4.699999999999999
inf,54.638888888888886,5.0,32.273271343479834,0.72,4.799999999999999,125.0,43.7,1.0,30.812497464502936,1.0,4.799999999999999,136.0,46.88,3.0,29.443260688992993,1.0,4.799999999999999,350.0,57.04,3.0,52.81021113383282,1.0,4.799999999999999,inf,60.06666666666667,3.0,43.058822815100534,0.6,4.799999999999999
inf,54.638888888888886,5.0,32.273271343479834,0.72,4.899999999999999,125.0,43.7,1.0,30.812497464502936,1.0,4.899999999999999,136.0,46.88,3.0,29.443260688992993,1.0,4.899999999999999,350.0,57.04,3.0,52.81021113383282,1.0,4.899999999999999,inf,60.06666666666667,3.0,43.058822815100534,0.6,4.899999999999999
inf,54.638888888888886,5.0,32.273271343479834,0.72,4.999999999999998,125.0,43.7,1.0,30.812497464502936,1.0,4.999999999999998,136.0,46.88,3.0,29.443260688992993,1.0,4.999999999999998,350.0,57.04,3.0,52.81021113383282,1.0,4.999999999999998,inf,60.06666666666667,3.0,43.058822815100534,0.6,4.999999999999998
inf,54.638888888888886,5.0,32.273271343479834,0.72,5.099999999999998,125.0,43.7,1.0,30.812497464502936,1.0,5.099999999999998,136.0,46.88,3.0,29.443260688992993,1.0,5.099999999999998,350.0,57.04,3.0,52.81021113383282,1.0,5.099999999999998,inf,60.06666666666667,3.0,43.058822815100534,0.6,5.099999999999998
inf,54.638888888888886,5.0,32.273271343479834,0.72,5.1999999999999975,125.0,43.7,1.0,30.812497464502936,1.0,5.1999999999999975,136.0,46.88,3.0,29.443260688992993,1.0,5.1999999999999975,350.0,57.04,3.0,52.81021113383282,1.0,5.1999999999999975,inf,60.06666666666667,3.0,43.058822815100534,0.6,5.1999999999999975
inf,54.638888888888886,5.0,32.273271343479834,0.72,5.299999999999997,125.0,43.7,1.0,30.812497464502936,1.0,5.299999999999997,136.0,46.88,3.0,29.443260688992993,1.0,5.299999999999997,350.0,57.04,3.0,52.81021113383282,1.0,5.299999999999997,inf,60.06666666666667,3.0,43.058822815100534,0.6,5.299999999999997
inf,54.638888888888886,5.0,32.273271343479834,0.72,5.399999999999997,125.0,43.7,1.0,30.812497464502936,1.0,5.399999999999997,136.0,46.88,3.0,29.443260688992993,1.0,5.399999999999997,350.0,57.04,3.0,52.81021113383282,1.0,5.399999999999997,inf,60.06666666666667,3.0,43.058822815100534,0.6,5.399999999999997
inf,54.638888888888886,5.0,32.273271343479834,0.72,5.4999999999999964,125.0,43.7,1.0,30.812497464502936,1.0,5.4999999999999964,136.0,46.88,3.0,29.443260688992993,1.0,5.4999999999999964,350.0,57.04,3.0,52.81021113383282,1.0,5.4999999999999964,inf,60.06666666666667,3.0,43.058822815100534,0.6,5.4999999999999964
inf,54.638888888888886,5.0,32.273271343479834,0.72,5.599999999999996,125.0,43.7,1.0,30.812497464502936,1.0,5.599999999999996,136.0,46.88,3.0,29.443260688992993,1.0,5.599999999999996,350.0,57.04,3.0,52.81021113383282,1.0,5.599999999999996,inf,60.06666666666667,3.0,43.058822815100534,0.6,5.599999999999996
inf,54.638888888888886,5.0,32.273271343479834,0.72,5.699999999999996,125.0,43.7,1.0,30.812497464502936,1.0,5.699999999999996,136.0,46.88,3.0,29.443260688992993,1.0,5.699999999999996,350.0,57.04,3.0,52.81021113383282,1.0,5.699999999999996,inf,60.06666666666667,3.0,43.058822815100534,0.6,5.699999999999996
inf,54.638888888888886,5.0,32.273271343479834,0.72,5.799999999999995,125.0,43.7,1.0,30.812497464502936,1.0,5.799999999999995,136.0,46.88,3.0,29.443260688992993,1.0,5.799999999999995,350.0,57.04,3.0,52.81021113383282,1.0,5.799999999999995,inf,60.06666666666667,3.0,43.058822815100534,0.6,5.799999999999995
inf,54.638888888888886,5.0,32.273271343479834,0.72,5.899999999999995,125.0,43.7,1.0,30.812497464502936,1.0,5.899999999999995,136.0,46.88,3.0,29.443260688992993,1.0,5.899999999999995,350.0,57.04,3.0,52.81021113383282,1.0,5.899999999999995,inf,60.06666666666667,3.0,43.058822815100534,0.6,5.899999999999995
inf,54.638888888888886,5.0,32.273271343479834,0.72,5.999999999999995,125.0,43.7,1.0,30.812497464502936,1.0,5.999999999999995,136.0,46.88,3.0,29.443260688992993,1.0,5.999999999999995,350.0,57.04,3.0,52.81021113383282,1.0,5.999999999999995,inf,60.06666666666667,3.0,43.058822815100534,0.6,5.999999999999995
inf,54.638888888888886,5.0,32.273271343479834,0.72,6.099999999999994,125.0,43.7,1.0,30.812497464502936,1.0,6.099999999999994,136.0,46.88,3.0,29.443260688992993,1.0,6.099999999999994,350.0,57.04,3.0,52.81021113383282,1.0,6.099999999999994,inf,60.06666666666667,3.0,43.058822815100534,0.6,6.099999999999994
inf,54.638888888888886,5.0,32.273271343479834,0.72,6.199999999999994,125.0,43.7,1.0,30.812497464502936,1.0,6.199999999999994,136.0,46.88,3.0,29.443260688992993,1.0,6.199999999999994,350.0,57.04,3.0,52.81021113383282,1.0,6.199999999999994,inf,60.06666666666667,3.0,43.058822815100534,0.6,6.199999999999994
inf,54.638888888888886,5.0,32.273271343479834,0.72,6.299999999999994,125.0,43.7,1.0,30.812497464502936,1.0,6.299999999999994,136.0,46.88,3.0,29.443260688992993,1.0,6.299999999999994,350.0,57.04,3.0,52.81021113383282,1.0,6.299999999999994,inf,60.06666666666667,3.0,43.058822815100534,0.6,6.299999999999994
inf,54.638888888888886,5.0,32.273271343479834,0.72,6.399999999999993,125.0,43.7,1.0,30.812497464502936,1.0,6.399999999999993,136.0,46.88,3.0,29.443260688992993,1.0,6.399999999999993,350.0,57.04,3.0,52.81021113383282,1.0,6.399999999999993,inf,60.06666666666667,3.0,43.058822815100534,0.6,6.399999999999993
inf,54.638888888888886,5.0,32.273271343479834,0.72,6.499999999999993,125.0,43.7,1.0,30.812497464502936,1.0,6.499999999999993,136.0,46.88,3.0,29.443260688992993,1.0,6.499999999999993,350.0,57.04,3.0,52.81021113383282,1.0,6.499999999999993,inf,60.06666666666667,3.0,43.058822815100534,0.6,6.499999999999993
inf,54.638888888888886,5.0,32.273271343479834,0.72,6.5999999999999925,125.0,43.7,1.0,30.812497464502936,1.0,6.5999999999999925,136.0,46.88,3.0,29.443260688992993,1.0,6.5999999999999925,350.0,57.04,3.0,52.81021113383282,1.0,6.5999999999999925,inf,60.06666666666667,3.0,43.058822815100534,0.6,6.5999999999999925
inf,54.638888888888886,5.0,32.273271343479834,0.72,6.699999999999992,125.0,43.7,1.0,30.812497464502936,1.0,6.699999999999992,136.0,46.88,3.0,29.443260688992993,1.0,6.699999999999992,350.0,57.04,3.0,52.81021113383282,1.0,6.699999999999992,inf,60.06666666666667,3.0,43.058822815100534,0.6,6.699999999999992
inf,54.638888888888886,5.0,32.273271343479834,0.72,6.799999999999992,125.0,43.7,1.0,30.812497464502936,1.0,6.799999999999992,136.0,46.88,3.0,29.443260688992993,1.0,6.799999999999992,350.0,57.04,3.0,52.81021113383282,1.0,6.799999999999992,inf,60.06666666666667,3.0,43.058822815100534,0.6,6.799999999999992
inf,54.638888888888886,5.0,32.273271343479834,0.72,6.8999999999999915,125.0,43.7,1.0,30.812497464502936,1.0,6.8999999999999915,136.0,46.88,3.0,29.443260688992993,1.0,6.8999999999999915,350.0,57.04,3.0,52.81021113383282,1.0,6.8999999999999915,inf,60.06666666666667,3.0,43.058822815100534,0.6,6.8999999999999915
inf,54.638888888888886,5.0,32.273271343479834,0.72,6.999999999999991,125.0,43.7,1.0,30.812497464502936,1.0,6.999999999999991,136.0,46.88,3.0,29.443260688992993,1.0,6.999999999999991,350.0,57.04,3.0,52.81021113383282,1.0,6.999999999999991,inf,60.06666666666667,3.0,43.058822815100534,0.6,6.999999999999991
inf,54.638888888888886,5.0,32.273271343479834,0.72,7.099999999999991,125.0,43.7,1.0,30.812497464502936,1.0,7.099999999999991,136.0,46.88,3.0,29.443260688992993,1.0,7.099999999999991,350.0,57.04,3.0,52.81021113383282,1.0,7.099999999999991,inf,60.06666666666667,3.0,43.058822815100534,0.6,7.099999999999991
inf,54.638888888888886,5.0,32.273271343479834,0.72,7.19999999999999,125.0,43.7,1.0,30.812497464502936,1.0,7.19999999999999,136.0,46.88,3.0,29.443260688992993,1.0,7.19999999999999,350.0,57.04,3.0,52.81021113383282,1.0,7.19999999999999,inf,60.06666666666667,3.0,43.058822815100534,0.6,7.19999999999999
inf,54.638888888888886,5.0,32.273271343479834,0.72,7.29999999999999,125.0,43.7,1.0,30.812497464502936,1.0,7.29999999999999,136.0,46.88,3.0,29.443260688992993,1.0,7.29999999999999,350.0,57.04,3.0,52.81021113383282,1.0,7.29999999999999,inf,60.06666666666667,3.0,43.058822815100534,0.6,7.29999999999999
inf,54.638888888888886,5.0,32.273271343479834,0.72,7.39999999999999,125.0,43.7,1.0,30.812497464502936,1.0,7.39999999999999,136.0,46.88,3.0,29.443260688992993,1.0,7.39999999999999,350.0,57.04,3.0,52.81021113383282,1.0,7.39999999999999,inf,60.06666666666667,3.0,43.058822815100534,0.6,7.39999999999999
inf,54.638888888888886,5.0,32.273271343479834,0.72,7.499999999999989,125.0,43.7,1.0,30.812497464502936,1.0,7.499999999999989,136.0,46.88,3.0,29.443260688992993,1.0,7.499999999999989,350.0,57.04,3.0,52.81021113383282,1.0,7.499999999999989,inf,60.06666666666667,3.0,43.058822815100534,0.6,7.499999999999989
inf,54.638888888888886,5.0,32.273271343479834,0.72,7.599999999999989,125.0,43.7,1.0,30.812497464502936,1.0,7.599999999999989,136.0,46.88,3.0,29.443260688992993,1.0,7.599999999999989,350.0,57.04,3.0,52.81021113383282,1.0,7.599999999999989,inf,60.06666666666667,3.0,43.058822815100534,0.6,7.599999999999989
inf,54.638888888888886,5.0,32.273271343479834,0.72,7.699999999999989,125.0,43.7,1.0,30.812497464502936,1.0,7.699999999999989,136.0,46.88,3.0,29.443260688992993,1.0,7.699999999999989,350.0,57.04,3.0,52.81021113383282,1.0,7.699999999999989,inf,60.06666666666667,3.0,43.058822815100534,0.6,7.699999999999989
inf,54.638888888888886,5.0,32.273271343479834,0.72,7.799999999999988,125.0,43.7,1.0,30.812497464502936,1.0,7.799999999999988,136.0,46.88,3.0,29.443260688992993,1.0,7.799999999999988,350.0,57.04,3.0,52.81021113383282,1.0,7.799999999999988,inf,60.06666666666667,3.0,43.058822815100534,0.6,7.799999999999988
inf,54.638888888888886,5.0,32.273271343479834,0.72,7.899999999999988,125.0,43.7,1.0,30.812497464502936,1.0,7.899999999999988,136.0,46.88,3.0,29.443260688992993,1.0,7.899999999999988,350.0,57.04,3.0,52.81021113383282,1.0,7.899999999999988,inf,60.06666666666667,3.0,43.058822815100534,0.6,7.899999999999988
inf,54.638888888888886,5.0,32.273271343479834,0.72,7.999999999999988,125.0,43.7,1.0,30.812497464502936,1.0,7.999999999999988,136.0,46.88,3.0,29.443260688992993,1.0,7.999999999999988,350.0,57.04,3.0,52.81021113383282,1.0,7.999999999999988,inf,60.06666666666667,3.0,43.058822815100534,0.6,7.999999999999988
inf,54.638888888888886,5.0,32.273271343479834,0.72,8.099999999999987,125.0,43.7,1.0,30.812497464502936,1.0,8.099999999999987,136.0,46.88,3.0,29.443260688992993,1.0,8.099999999999987,350.0,57.04,3.0,52.81021113383282,1.0,8.099999999999987,inf,60.06666666666667,3.0,43.058822815100534,0.6,8.099999999999987
inf,54.638888888888886,5.0,32.273271343479834,0.72,8.199999999999987,125.0,43.7,1.0,30.812497464502936,1.0,8.199999999999987,136.0,46.88,3.0,29.443260688992993,1.0,8.199999999999987,350.0,57.04,3.0,52.81021113383282,1.0,8.199999999999987,inf,60.06666666666667,3.0,43.058822815100534,0.6,8.199999999999987
inf,54.638888888888886,5.0,32.273271343479834,0.72,8.299999999999986,125.0,43.7,1.0,30.812497464502936,1.0,8.299999999999986,136.0,46.88,3.0,29.443260688992993,1.0,8.299999999999986,350.0,57.04,3.0,52.81021113383282,1.0,8.299999999999986,inf,60.06666666666667,3.0,43.058822815100534,0.6,8.299999999999986
inf,54.638888888888886,5.0,32.273271343479834,0.72,8.399999999999986,125.0,43.7,1.0,30.812497464502936,1.0,8.399999999999986,136.0,46.88,3.0,29.443260688992993,1.0,8.399999999999986,350.0,57.04,3.0,52.81021113383282,1.0,8.399999999999986,inf,60.06666666666667,3.0,43.058822815100534,0.6,8.399999999999986
inf,54.638888888888886,5.0,32.273271343479834,0.72,8.499999999999986,125.0,43.7,1.0,30.812497464502936,1.0,8.499999999999986,136.0,46.88,3.0,29.443260688992993,1.0,8.499999999999986,350.0,57.04,3.0,52.81021113383282,1.0,8.499999999999986,inf,60.06666666666667,3.0,43.058822815100534,0.6,8.499999999999986
inf,54.638888888888886,5.0,32.273271343479834,0.72,8.599999999999985,125.0,43.7,1.0,30.812497464502936,1.0,8.599999999999985,136.0,46.88,3.0,29.443260688992993,1.0,8.599999999999985,350.0,57.04,3.0,52.81021113383282,1.0,8.599999999999985,inf,60.06666666666667,3.0,43.058822815100534,0.6,8.599999999999985
inf,54.638888888888886,5.0,32.273271343479834,0.72,8.699999999999985,125.0,43.7,1.0,30.812497464502936,1.0,8.699999999999985,136.0,46.88,3.0,29.443260688992993,1.0,8.699999999999985,350.0,57.04,3.0,52.81021113383282,1.0,8.699999999999985,inf,60.06666666666667,3.0,43.058822815100534,0.6,8.699999999999985
inf,54.638888888888886,5.0,32.273271343479834,0.72,8.799999999999985,125.0,43.7,1.0,30.812497464502936,1.0,8.799999999999985,136.0,46.88,3.0,29.443260688992993,1.0,8.799999999999985,350.0,57.04,3.0,52.81021113383282,1.0,8.799999999999985,inf,60.06666666666667,3.0,43.058822815100534,0.6,8.799999999999985
inf,54.638888888888886,5.0,32.273271343479834,0.72,8.899999999999984,125.0,43.7,1.0,30.812497464502936,1.0,8.899999999999984,136.0,46.88,3.0,29.443260688992993,1.0,8.899999999999984,350.0,57.04,3.0,52.81021113383282,1.0,8.899999999999984,inf,60.06666666666667,3.0,43.058822815100534,0.6,8.899999999999984
inf,54.638888888888886,5.0,32.273271343479834,0.72,8.999999999999984,125.0,43.7,1.0,30.812497464502936,1.0,8.999999999999984,136.0,46.88,3.0,29.443260688992993,1.0,8.999999999999984,350.0,57.04,3.0,52.81021113383282,1.0,8.999999999999984,inf,60.06666666666667,3.0,43.058822815100534,0.6,8.999999999999984
inf,54.638888888888886,5.0,32.273271343479834,0.72,9.099999999999984,125.0,43.7,1.0,30.812497464502936,1.0,9.099999999999984,136.0,46.88,3.0,29.443260688992993,1.0,9.099999999999984,350.0,57.04,3.0,52.81021113383282,1.0,9.099999999999984,inf,60.06666666666667,3.0,43.058822815100534,0.6,9.099999999999984
inf,54.638888888888886,5.0,32.273271343479834,0.72,9.199999999999983,125.0,43.7,1.0,30.812497464502936,1.0,9.199999999999983,136.0,46.88,3.0,29.443260688992993,1.0,9.199999999999983,350.0,57.04,3.0,52.81021113383282,1.0,9.199999999999983,inf,60.06666666666667,3.0,43.058822815100534,0.6,9.199999999999983
inf,54.638888888888886,5.0,32.273271343479834,0.72,9.299999999999983,125.0,43.7,1.0,30.812497464502936,1.0,9.299999999999983,136.0,46.88,3.0,29.443260688992993,1.0,9.299999999999983,350.0,57.04,3.0,52.81021113383282,1.0,9.299999999999983,inf,60.06666666666667,3.0,43.058822815100534,0.6,9.299999999999983
inf,54.638888888888886,5.0,32.273271343479834,0.72,9.399999999999983,125.0,43.7,1.0,30.812497464502936,1.0,9.399999999999983,136.0,46.88,3.0,29.443260688992993,1.0,9.399999999999983,350.0,57.04,3.0,52.81021113383282,1.0,9.399999999999983,inf,60.06666666666667,3.0,43.058822815100534,0.6,9.399999999999983
inf,54.638888888888886,5.0,32.273271343479834,0.72,9.499999999999982,125.0,43.7,1.0,30.812497464502936,1.0,9.499999999999982,136.0,46.88,3.0,29.443260688992993,1.0,9.499999999999982,350.0,57.04,3.0,52.81021113383282,1.0,9.499999999999982,inf,60.06666666666667,3.0,43.058822815100534,0.6,9.499999999999982
inf,54.638888888888886,5.0,32.273271343479834,0.72,9.599999999999982,125.0,43.7,1.0,30.812497464502936,1.0,9.599999999999982,136.0,46.88,3.0,29.443260688992993,1.0,9.599999999999982,350.0,57.04,3.0,52.81021113383282,1.0,9.599999999999982,inf,60.06666666666667,3.0,43.058822815100534,0.6,9.599999999999982
inf,54.638888888888886,5.0,32.273271343479834,0.72,9.699999999999982,125.0,43.7,1.0,30.812497464502936,1.0,9.699999999999982,136.0,46.88,3.0,29.443260688992993,1.0,9.699999999999982,350.0,57.04,3.0,52.81021113383282,1.0,9.699999999999982,inf,60.06666666666667,3.0,43.058822815100534,0.6,9.699999999999982
inf,54.638888888888886,5.0,32.273271343479834,0.72,9.799999999999981,125.0,43.7,1.0,30.812497464502936,1.0,9.799999999999981,136.0,46.88,3.0,29.443260688992993,1.0,9.799999999999981,350.0,57.04,3.0,52.81021113383282,1.0,9.799999999999981,inf,60.06666666666667,3.0,43.058822815100534,0.6,9.799999999999981
inf,54.638888888888886,5.0,32.273271343479834,0.72,9.89999999999998,125.0,43.7,1.0,30.812497464502936,1.0,9.89999999999998,136.0,46.88,3.0,29.443260688992993,1.0,9.89999999999998,350.0,57.04,3.0,52.81021113383282,1.0,9.89999999999998,inf,60.06666666666667,3.0,43.058822815100534,0.6,9.89999999999998
inf,54.638888888888886,5.0,32.273271343479834,0.72,9.99999999999998,125.0,43.7,1.0,30.812497464502936,1.0,9.99999999999998,136.0,46.88,3.0,29.443260688992993,1.0,9.99999999999998,350.0,57.04,3.0,52.81021113383282,1.0,9.99999999999998,inf,60.06666666666667,3.0,43.058822815100534,0.6,9.99999999999998
inf,54.638888888888886,5.0,32.273271343479834,0.72,10.09999999999998,125.0,43.7,1.0,30.812497464502936,1.0,10.09999999999998,136.0,46.88,3.0,29.443260688992993,1.0,10.09999999999998,350.0,57.04,3.0,52.81021113383282,1.0,10.09999999999998,inf,60.06666666666667,3.0,43.058822815100534,0.6,10.09999999999998
inf,54.638888888888886,5.0,32.273271343479834,0.72,10.19999999999998,125.0,43.7,1.0,30.812497464502936,1.0,10.19999999999998,136.0,46.88,3.0,29.443260688992993,1.0,10.19999999999998,350.0,57.04,3.0,52.81021113383282,1.0,10.19999999999998,inf,60.06666666666667,3.0,43.058822815100534,0.6,10.19999999999998
inf,54.638888888888886,5.0,32.273271343479834,0.72,10.29999999999998,125.0,43.7,1.0,30.812497464502936,1.0,10.29999999999998,136.0,46.88,3.0,29.443260688992993,1.0,10.29999999999998,350.0,57.04,3.0,52.81021113383282,1.0,10.29999999999998,inf,60.06666666666667,3.0,43.058822815100534,0.6,10.29999999999998
inf,54.638888888888886,5.0,32.273271343479834,0.72,10.399999999999979,125.0,43.7,1.0,30.812497464502936,1.0,10.399999999999979,136.0,46.88,3.0,29.443260688992993,1.0,10.399999999999979,350.0,57.04,3.0,52.81021113383282,1.0,10.399999999999979,inf,60.06666666666667,3.0,43.058822815100534,0.6,10.399999999999979
inf,54.638888888888886,5.0,32.273271343479834,0.72,10.499999999999979,125.0,43.7,1.0,30.812497464502936,1.0,10.499999999999979,136.0,46.88,3.0,29.443260688992993,1.0,10.499999999999979,350.0,57.04,3.0,52.81021113383282,1.0,10.499999999999979,inf,60.06666666666667,3.0,43.058822815100534,0.6,10.499999999999979
inf,54.638888888888886,5.0,32.273271343479834,0.72,10.599999999999978,125.0,43.7,1.0,30.812497464502936,1.0,10.599999999999978,136.0,46.88,3.0,29.443260688992993,1.0,10.599999999999978,350.0,57.04,3.0,52.81021113383282,1.0,10.599999999999978,inf,60.06666666666667,3.0,43.058822815100534,0.6,10.599999999999978
inf,54.638888888888886,5.0,32.273271343479834,0.72,10.699999999999978,125.0,43.7,1.0,30.812497464502936,1.0,10.699999999999978,136.0,46.88,3.0,29.443260688992993,1.0,10.699999999999978,350.0,57.04,3.0,52.81021113383282,1.0,10.699999999999978,inf,60.06666666666667,3.0,43.058822815100534,0.6,10.699999999999978
inf,54.638888888888886,5.0,32.273271343479834,0.72,10.799999999999978,125.0,43.7,1.0,30.812497464502936,1.0,10.799999999999978,136.0,46.88,3.0,29.443260688992993,1.0,10.799999999999978,350.0,57.04,3.0,52.81021113383282,1.0,10.799999999999978,inf,60.06666666666667,3.0,43.058822815100534,0.6,10.799999999999978
inf,54.638888888888886,5.0,32.273271343479834,0.72,10.899999999999977,125.0,43.7,1.0,30.812497464502936,1.0,10.899999999999977,136.0,46.88,3.0,29.443260688992993,1.0,10.899999999999977,350.0,57.04,3.0,52.81021113383282,1.0,10.899999999999977,inf,60.06666666666667,3.0,43.058822815100534,0.6,10.899999999999977
inf,54.638888888888886,5.0,32.273271343479834,0.72,10.999999999999977,125.0,43.7,1.0,30.812497464502936,1.0,10.999999999999977,136.0,46.88,3.0,29.443260688992993,1.0,10.999999999999977,350.0,57.04,3.0,52.81021113383282,1.0,10.999999999999977,inf,60.06666666666667,3.0,43.058822815100534,0.6,10.999999999999977
inf,54.638888888888886,5.0,32.273271343479834,0.72,11.099999999999977,125.0,43.7,1.0,30.812497464502936,1.0,11.099999999999977,136.0,46.88,3.0,29.443260688992993,1.0,11.099999999999977,350.0,57.04,3.0,52.81021113383282,1.0,11.099999999999977,inf,60.06666666666667,3.0,43.058822815100534,0.6,11.099999999999977
inf,54.638888888888886,5.0,32.273271343479834,0.72,11.199999999999976,125.0,43.7,1.0,30.812497464502936,1.0,11.199999999999976,136.0,46.88,3.0,29.443260688992993,1.0,11.199999999999976,350.0,57.04,3.0,52.81021113383282,1.0,11.199999999999976,inf,60.06666666666667,3.0,43.058822815100534,0.6,11.199999999999976
inf,54.638888888888886,5.0,32.273271343479834,0.72,11.299999999999976,125.0,43.7,1.0,30.812497464502936,1.0,11.299999999999976,136.0,46.88,3.0,29.443260688992993,1.0,11.299999999999976,350.0,57.04,3.0,52.81021113383282,1.0,11.299999999999976,inf,60.06666666666667,3.0,43.058822815100534,0.6,11.299999999999976
inf,54.638888888888886,5.0,32.273271343479834,0.72,11.399999999999975,125.0,43.7,1.0,30.812497464502936,1.0,11.399999999999975,136.0,46.88,3.0,29.443260688992993,1.0,11.399999999999975,350.0,57.04,3.0,52.81021113383282,1.0,11.399999999999975,inf,60.06666666666667,3.0,43.058822815100534,0.6,11.399999999999975
inf,54.638888888888886,5.0,32.273271343479834,0.72,11.499999999999975,125.0,43.7,1.0,30.812497464502936,1.0,11.499999999999975,136.0,46.88,3.0,29.443260688992993,1.0,11.499999999999975,350.0,57.04,3.0,52.81021113383282,1.0,11.499999999999975,inf,60.06666666666667,3.0,43.058822815100534,0.6,11.499999999999975
inf,54.638888888888886,5.0,32.273271343479834,0.72,11.599999999999975,125.0,43.7,1.0,30.812497464502936,1.0,11.599999999999975,136.0,46.88,3.0,29.443260688992993,1.0,11.599999999999975,350.0,57.04,3.0,52.81021113383282,1.0,11.599999999999975,inf,60.06666666666667,3.0,43.058822815100534,0.6,11.599999999999975
inf,54.638888888888886,5.0,32.273271343479834,0.72,11.699999999999974,125.0,43.7,1.0,30.812497464502936,1.0,11.699999999999974,136.0,46.88,3.0,29.443260688992993,1.0,11.699999999999974,350.0,57.04,3.0,52.81021113383282,1.0,11.699999999999974,inf,60.06666666666667,3.0,43.058822815100534,0.6,11.699999999999974
inf,54.638888888888886,5.0,32.273271343479834,0.72,11.799999999999974,125.0,43.7,1.0,30.812497464502936,1.0,11.799999999999974,136.0,46.88,3.0,29.443260688992993,1.0,11.799999999999974,350.0,57.04,3.0,52.81021113383282,1.0,11.799999999999974,inf,60.06666666666667,3.0,43.058822815100534,0.6,11.799999999999974
inf,54.638888888888886,5.0,32.273271343479834,0.72,11.899999999999974,125.0,43.7,1.0,30.812497464502936,1.0,11.899999999999974,136.0,46.88,3.0,29.443260688992993,1.0,11.899999999999974,350.0,57.04,3.0,52.81021113383282,1.0,11.899999999999974,inf,60.06666666666667,3.0,43.058822815100534,0.6,11.899999999999974
inf,54.638888888888886,5.0,32.273271343479834,0.72,11.999999999999973,125.0,43.7,1.0,30.812497464502936,1.0,11.999999999999973,136.0,46.88,3.0,29.443260688992993,1.0,11.999999999999973,350.0,57.04,3.0,52.81021113383282,1.0,11.999999999999973,inf,60.06666666666667,3.0,43.058822815100534,0.6,11.999999999999973
inf,54.638888888888886,5.0,32.273271343479834,0.72,12.099999999999973,125.0,43.7,1.0,30.812497464502936,1.0,12.099999999999973,136.0,46.88,3.0,29.443260688992993,1.0,12.099999999999973,350.0,57.04,3.0,52.81021113383282,1.0,12.099999999999973,inf,60.06666666666667,3.0,43.058822815100534,0.6,12.099999999999973
inf,54.638888888888886,5.0,32.273271343479834,0.72,12.199999999999973,125.0,43.7,1.0,30.812497464502936,1.0,12.199999999999973,136.0,46.88,3.0,29.443260688992993,1.0,12.199999999999973,350.0,57.04,3.0,52.81021113383282,1.0,12.199999999999973,inf,60.06666666666667,3.0,43.058822815100534,0.6,12.199999999999973
inf,54.638888888888886,5.0,32.273271343479834,0.72,12.299999999999972,125.0,43.7,1.0,30.812497464502936,1.0,12.299999999999972,136.0,46.88,3.0,29.443260688992993,1.0,12.299999999999972,350.0,57.04,3.0,52.81021113383282,1.0,12.299999999999972,inf,60.06666666666667,3.0,43.058822815100534,0.6,12.299999999999972
inf,54.638888888888886,5.0,32.273271343479834,0.72,12.399999999999972,125.0,43.7,1.0,30.812497464502936,1.0,12.399999999999972,136.0,46.88,3.0,29.443260688992993,1.0,12.399999999999972,350.0,57.04,3.0,52.81021113383282,1.0,12.399999999999972,inf,60.06666666666667,3.0,43.058822815100534,0.6,12.399999999999972
inf,54.638888888888886,5.0,32.273271343479834,0.72,12.499999999999972,125.0,43.7,1.0,30.812497464502936,1.0,12.499999999999972,136.0,46.88,3.0,29.443260688992993,1.0,12.499999999999972,350.0,57.04,3.0,52.81021113383282,1.0,12.499999999999972,inf,60.06666666666667,3.0,43.058822815100534,0.6,12.499999999999972
inf,54.638888888888886,5.0,32.273271343479834,0.72,12.599999999999971,125.0,43.7,1.0,30.812497464502936,1.0,12.599999999999971,136.0,46.88,3.0,29.443260688992993,1.0,12.599999999999971,350.0,57.04,3.0,52.81021113383282,1.0,12.599999999999971,inf,60.06666666666667,3.0,43.058822815100534,0.6,12.599999999999971
inf,54.638888888888886,5.0,32.273271343479834,0.72,12.69999999999997,125.0,43.7,1.0,30.812497464502936,1.0,12.69999999999997,136.0,46.88,3.0,29.443260688992993,1.0,12.69999999999997,350.0,57.04,3.0,52.81021113383282,1.0,12.69999999999997,inf,60.06666666666667,3.0,43.058822815100534,0.6,12.69999999999997
inf,54.638888888888886,5.0,32.273271343479834,0.72,12.79999999999997,125.0,43.7,1.0,30.812497464502936,1.0,12.79999999999997,136.0,46.88,3.0,29.443260688992993,1.0,12.79999999999997,350.0,57.04,3.0,52.81021113383282,1.0,12.79999999999997,inf,60.06666666666667,3.0,43.058822815100534,0.6,12.79999999999997
inf,54.638888888888886,5.0,32.273271343479834,0.72,12.89999999999997,125.0,43.7,1.0,30.812497464502936,1.0,12.89999999999997,136.0,46.88,3.0,29.443260688992993,1.0,12.89999999999997,350.0,57.04,3.0,52.81021113383282,1.0,12.89999999999997,inf,60.06666666666667,3.0,43.058822815100534,0.6,12.89999999999997
inf,54.638888888888886,5.0,32.273271343479834,0.72,12.99999999999997,125.0,43.7,1.0,30.812497464502936,1.0,12.99999999999997,136.0,46.88,3.0,29.443260688992993,1.0,12.99999999999997,350.0,57.04,3.0,52.81021113383282,1.0,12.99999999999997,inf,60.06666666666667,3.0,43.058822815100534,0.6,12.99999999999997
inf,54.638888888888886,5.0,32.273271343479834,0.72,13.09999999999997,125.0,43.7,1.0,30.812497464502936,1.0,13.09999999999997,136.0,46.88,3.0,29.443260688992993,1.0,13.09999999999997,350.0,57.04,3.0,52.81021113383282,1.0,13.09999999999997,inf,60.06666666666667,3.0,43.058822815100534,0.6,13.09999999999997
inf,54.638888888888886,5.0,32.273271343479834,0.72,13.199999999999969,125.0,43.7,1.0,30.812497464502936,1.0,13.199999999999969,136.0,46.88,3.0,29.443260688992993,1.0,13.199999999999969,350.0,57.04,3.0,52.81021113383282,1.0,13.199999999999969,inf,60.06666666666667,3.0,43.058822815100534,0.6,13.199999999999969
inf,54.638888888888886,5.0,32.273271343479834,0.72,13.299999999999969,125.0,43.7,1.0,30.812497464502936,1.0,13.299999999999969,136.0,46.88,3.0,29.443260688992993,1.0,13.299999999999969,350.0,57.04,3.0,52.81021113383282,1.0,13.299999999999969,inf,60.06666666666667,3.0,43.058822815100534,0.6,13.299999999999969
inf,54.638888888888886,5.0,32.273271343479834,0.72,13.399999999999968,125.0,43.7,1.0,30.812497464502936,1.0,13.399999999999968,136.0,46.88,3.0,29.443260688992993,1.0,13.399999999999968,350.0,57.04,3.0,52.81021113383282,1.0,13.399999999999968,inf,60.06666666666667,3.0,43.058822815100534,0.6,13.399999999999968
inf,54.638888888888886,5.0,32.273271343479834,0.72,13.499999999999968,125.0,43.7,1.0,30.812497464502936,1.0,13.499999999999968,136.0,46.88,3.0,29.443260688992993,1.0,13.499999999999968,350.0,57.04,3.0,52.81021113383282,1.0,13.499999999999968,inf,60.06666666666667,3.0,43.058822815100534,0.6,13.499999999999968
inf,54.638888888888886,5.0,32.273271343479834,0.72,13.599999999999968,125.0,43.7,1.0,30.812497464502936,1.0,13.599999999999968,136.0,46.88,3.0,29.443260688992993,1.0,13.599999999999968,350.0,57.04,3.0,52.81021113383282,1.0,13.599999999999968,inf,60.06666666666667,3.0,43.058822815100534,0.6,13.599999999999968
inf,54.638888888888886,5.0,32.273271343479834,0.72,13.699999999999967,125.0,43.7,1.0,30.812497464502936,1.0,13.699999999999967,136.0,46.88,3.0,29.443260688992993,1.0,13.699999999999967,350.0,57.04,3.0,52.81021113383282,1.0,13.699999999999967,inf,60.06666666666667,3.0,43.058822815100534,0.6,13.699999999999967
inf,54.638888888888886,5.0,32.273271343479834,0.72,13.799999999999967,125.0,43.7,1.0,30.812497464502936,1.0,13.799999999999967,136.0,46.88,3.0,29.443260688992993,1.0,13.799999999999967,350.0,57.04,3.0,52.81021113383282,1.0,13.799999999999967,inf,60.06666666666667,3.0,43.058822815100534,0.6,13.799999999999967
inf,54.638888888888886,5.0,32.273271343479834,0.72,13.899999999999967,125.0,43.7,1.0,30.812497464502936,1.0,13.899999999999967,136.0,46.88,3.0,29.443260688992993,1.0,13.899999999999967,350.0,57.04,3.0,52.81021113383282,1.0,13.899999999999967,inf,60.06666666666667,3.0,43.058822815100534,0.6,13.899999999999967
inf,54.638888888888886,5.0,32.273271343479834,0.72,13.999999999999966,125.0,43.7,1.0,30.812497464502936,1.0,13.999999999999966,136.0,46.88,3.0,29.443260688992993,1.0,13.999999999999966,350.0,57.04,3.0,52.81021113383282,1.0,13.999999999999966,inf,60.06666666666667,3.0,43.058822815100534,0.6,13.999999999999966
inf,54.638888888888886,5.0,32.273271343479834,0.72,14.099999999999966,125.0,43.7,1.0,30.812497464502936,1.0,14.099999999999966,136.0,46.88,3.0,29.443260688992993,1.0,14.099999999999966,350.0,57.04,3.0,52.81021113383282,1.0,14.099999999999966,inf,60.06666666666667,3.0,43.058822815100534,0.6,14.099999999999966
inf,54.638888888888886,5.0,32.273271343479834,0.72,14.199999999999966,125.0,43.7,1.0,30.812497464502936,1.0,14.199999999999966,136.0,46.88,3.0,29.443260688992993,1.0,14.199999999999966,350.0,57.04,3.0,52.81021113383282,1.0,14.199999999999966,inf,60.06666666666667,3.0,43.058822815100534,0.6,14.199999999999966
inf,54.638888888888886,5.0,32.273271343479834,0.72,14.299999999999965,125.0,43.7,1.0,30.812497464502936,1.0,14.299999999999965,136.0,46.88,3.0,29.443260688992993,1.0,14.299999999999965,350.0,57.04,3.0,52.81021113383282,1.0,14.299999999999965,inf,60.06666666666667,3.0,43.058822815100534,0.6,14.299999999999965
inf,54.638888888888886,5.0,32.273271343479834,0.72,14.399999999999965,125.0,43.7,1.0,30.812497464502936,1.0,14.399999999999965,136.0,46.88,3.0,29.443260688992993,1.0,14.399999999999965,350.0,57.04,3.0,52.81021113383282,1.0,14.399999999999965,inf,60.06666666666667,3.0,43.058822815100534,0.6,14.399999999999965
inf,54.638888888888886,5.0,32.273271343479834,0.72,14.499999999999964,125.0,43.7,1.0,30.812497464502936,1.0,14.499999999999964,136.0,46.88,3.0,29.443260688992993,1.0,14.499999999999964,350.0,57.04,3.0,52.81021113383282,1.0,14.499999999999964,inf,60.06666666666667,3.0,43.058822815100534,0.6,14.499999999999964
inf,54.638888888888886,5.0,32.273271343479834,0.72,14.599999999999964,125.0,43.7,1.0,30.812497464502936,1.0,14.599999999999964,136.0,46.88,3.0,29.443260688992993,1.0,14.599999999999964,350.0,57.04,3.0,52.81021113383282,1.0,14.599999999999964,inf,60.06666666666667,3.0,43.058822815100534,0.6,14.599999999999964
inf,54.638888888888886,5.0,32.273271343479834,0.72,14.699999999999964,125.0,43.7,1.0,30.812497464502936,1.0,14.699999999999964,136.0,46.88,3.0,29.443260688992993,1.0,14.699999999999964,350.0,57.04,3.0,52.81021113383282,1.0,14.699999999999964,inf,60.06666666666667,3.0,43.058822815100534,0.6,14.699999999999964
inf,54.638888888888886,5.0,32.273271343479834,0.72,14.799999999999963,125.0,43.7,1.0,30.812497464502936,1.0,14.799999999999963,136.0,46.88,3.0,29.443260688992993,1.0,14.799999999999963,350.0,57.04,3.0,52.81021113383282,1.0,14.799999999999963,inf,60.06666666666667,3.0,43.058822815100534,0.6,14.799999999999963
inf,54.638888888888886,5.0,32.273271343479834,0.72,14.899999999999963,125.0,43.7,1.0,30.812497464502936,1.0,14.899999999999963,136.0,46.88,3.0,29.443260688992993,1.0,14.899999999999963,350.0,57.04,3.0,52.81021113383282,1.0,14.899999999999963,inf,60.06666666666667,3.0,43.058822815100534,0.6,14.899999999999963
inf,54.638888888888886,5.0,32.273271343479834,0.72,14.999999999999963,125.0,43.7,1.0,30.812497464502936,1.0,14.999999999999963,136.0,46.88,3.0,29.443260688992993,1.0,14.999999999999963,350.0,57.04,3.0,52.81021113383282,1.0,14.999999999999963,inf,60.06666666666667,3.0,43.058822815100534,0.6,14.999999999999963
inf,54.638888888888886,5.0,32.273271343479834,0.72,15.099999999999962,125.0,43.7,1.0,30.812497464502936,1.0,15.099999999999962,136.0,46.88,3.0,29.443260688992993,1.0,15.099999999999962,350.0,57.04,3.0,52.81021113383282,1.0,15.099999999999962,inf,60.06666666666667,3.0,43.058822815100534,0.6,15.099999999999962
inf,54.638888888888886,5.0,32.273271343479834,0.72,15.199999999999962,125.0,43.7,1.0,30.812497464502936,1.0,15.199999999999962,136.0,46.88,3.0,29.443260688992993,1.0,15.199999999999962,350.0,57.04,3.0,52.81021113383282,1.0,15.199999999999962,inf,60.06666666666667,3.0,43.058822815100534,0.6,15.199999999999962
inf,54.638888888888886,5.0,32.273271343479834,0.72,15.299999999999962,125.0,43.7,1.0,30.812497464502936,1.0,15.299999999999962,136.0,46.88,3.0,29.443260688992993,1.0,15.299999999999962,350.0,57.04,3.0,52.81021113383282,1.0,15.299999999999962,inf,60.06666666666667,3.0,43.058822815100534,0.6,15.299999999999962
inf,54.638888888888886,5.0,32.273271343479834,0.72,15.399999999999961,125.0,43.7,1.0,30.812497464502936,1.0,15.399999999999961,136.0,46.88,3.0,29.443260688992993,1.0,15.399999999999961,350.0,57.04,3.0,52.81021113383282,1.0,15.399999999999961,inf,60.06666666666667,3.0,43.058822815100534,0.6,15.399999999999961
inf,54.638888888888886,5.0,32.273271343479834,0.72,15.499999999999961,125.0,43.7,1.0,30.812497464502936,1.0,15.499999999999961,136.0,46.88,3.0,29.443260688992993,1.0,15.499999999999961,350.0,57.04,3.0,52.81021113383282,1.0,15.499999999999961,inf,60.06666666666667,3.0,43.058822815100534,0.6,15.499999999999961
inf,54.638888888888886,5.0,32.273271343479834,0.72,15.59999999999996,125.0,43.7,1.0,30.812497464502936,1.0,15.59999999999996,136.0,46.88,3.0,29.443260688992993,1.0,15.59999999999996,350.0,57.04,3.0,52.81021113383282,1.0,15.59999999999996,inf,60.06666666666667,3.0,43.058822815100534,0.6,15.59999999999996
inf,54.638888888888886,5.0,32.273271343479834,0.72,15.69999999999996,125.0,43.7,1.0,30.812497464502936,1.0,15.69999999999996,136.0,46.88,3.0,29.443260688992993,1.0,15.69999999999996,350.0,57.04,3.0,52.81021113383282,1.0,15.69999999999996,inf,60.06666666666667,3.0,43.058822815100534,0.6,15.69999999999996
inf,54.638888888888886,5.0,32.273271343479834,0.72,15.79999999999996,125.0,43.7,1.0,30.812497464502936,1.0,15.79999999999996,136.0,46.88,3.0,29.443260688992993,1.0,15.79999999999996,350.0,57.04,3.0,52.81021113383282,1.0,15.79999999999996,inf,60.06666666666667,3.0,43.058822815100534,0.6,15.79999999999996
inf,54.638888888888886,5.0,32.273271343479834,0.72,15.89999999999996,125.0,43.7,1.0,30.812497464502936,1.0,15.89999999999996,136.0,46.88,3.0,29.443260688992993,1.0,15.89999999999996,350.0,57.04,3.0,52.81021113383282,1.0,15.89999999999996,inf,60.06666666666667,3.0,43.058822815100534,0.6,15.89999999999996
inf,54.638888888888886,5.0,32.273271343479834,0.72,15.99999999999996,125.0,43.7,1.0,30.812497464502936,1.0,15.99999999999996,136.0,46.88,3.0,29.443260688992993,1.0,15.99999999999996,350.0,57.04,3.0,52.81021113383282,1.0,15.99999999999996,inf,60.06666666666667,3.0,43.058822815100534,0.6,15.99999999999996
inf,54.638888888888886,5.0,32.273271343479834,0.72,16.09999999999996,125.0,43.7,1.0,30.812497464502936,1.0,16.09999999999996,136.0,46.88,3.0,29.443260688992993,1.0,16.09999999999996,350.0,57.04,3.0,52.81021113383282,1.0,16.09999999999996,inf,60.06666666666667,3.0,43.058822815100534,0.6,16.09999999999996
inf,54.638888888888886,5.0,32.273271343479834,0.72,16.19999999999996,125.0,43.7,1.0,30.812497464502936,1.0,16.19999999999996,136.0,46.88,3.0,29.443260688992993,1.0,16.19999999999996,350.0,57.04,3.0,52.81021113383282,1.0,16.19999999999996,inf,60.06666666666667,3.0,43.058822815100534,0.6,16.19999999999996
inf,54.638888888888886,5.0,32.273271343479834,0.72,16.29999999999996,125.0,43.7,1.0,30.812497464502936,1.0,16.29999999999996,136.0,46.88,3.0,29.443260688992993,1.0,16.29999999999996,350.0,57.04,3.0,52.81021113383282,1.0,16.29999999999996,inf,60.06666666666667,3.0,43.058822815100534,0.6,16.29999999999996
inf,54.638888888888886,5.0,32.273271343479834,0.72,16.399999999999963,125.0,43.7,1.0,30.812497464502936,1.0,16.399999999999963,136.0,46.88,3.0,29.443260688992993,1.0,16.399999999999963,350.0,57.04,3.0,52.81021113383282,1.0,16.399999999999963,inf,60.06666666666667,3.0,43.058822815100534,0.6,16.399999999999963
inf,54.638888888888886,5.0,32.273271343479834,0.72,16.499999999999964,125.0,43.7,1.0,30.812497464502936,1.0,16.499999999999964,136.0,46.88,3.0,29.443260688992993,1.0,16.499999999999964,350.0,57.04,3.0,52.81021113383282,1.0,16.499999999999964,inf,60.06666666666667,3.0,43.058822815100534,0.6,16.499999999999964
inf,54.638888888888886,5.0,32.273271343479834,0.72,16.599999999999966,125.0,43.7,1.0,30.812497464502936,1.0,16.599999999999966,136.0,46.88,3.0,29.443260688992993,1.0,16.599999999999966,350.0,57.04,3.0,52.81021113383282,1.0,16.599999999999966,inf,60.06666666666667,3.0,43.058822815100534,0.6,16.599999999999966
inf,54.638888888888886,5.0,32.273271343479834,0.72,16.699999999999967,125.0,43.7,1.0,30.812497464502936,1.0,16.699999999999967,136.0,46.88,3.0,29.443260688992993,1.0,16.699999999999967,350.0,57.04,3.0,52.81021113383282,1.0,16.699999999999967,inf,60.06666666666667,3.0,43.058822815100534,0.6,16.699999999999967
inf,54.638888888888886,5.0,32.273271343479834,0.72,16.79999999999997,125.0,43.7,1.0,30.812497464502936,1.0,16.79999999999997,136.0,46.88,3.0,29.443260688992993,1.0,16.79999999999997,350.0,57.04,3.0,52.81021113383282,1.0,16.79999999999997,inf,60.06666666666667,3.0,43.058822815100534,0.6,16.79999999999997
inf,54.638888888888886,5.0,32.273271343479834,0.72,16.89999999999997,125.0,43.7,1.0,30.812497464502936,1.0,16.89999999999997,136.0,46.88,3.0,29.443260688992993,1.0,16.89999999999997,350.0,57.04,3.0,52.81021113383282,1.0,16.89999999999997,inf,60.06666666666667,3.0,43.058822815100534,0.6,16.89999999999997
inf,54.638888888888886,5.0,32.273271343479834,0.72,16.99999999999997,125.0,43.7,1.0,30.812497464502936,1.0,16.99999999999997,136.0,46.88,3.0,29.443260688992993,1.0,16.99999999999997,350.0,57.04,3.0,52.81021113383282,1.0,16.99999999999997,inf,60.06666666666667,3.0,43.058822815100534,0.6,16.99999999999997
inf,54.638888888888886,5.0,32.273271343479834,0.72,17.099999999999973,125.0,43.7,1.0,30.812497464502936,1.0,17.099999999999973,136.0,46.88,3.0,29.443260688992993,1.0,17.099999999999973,350.0,57.04,3.0,52.81021113383282,1.0,17.099999999999973,inf,60.06666666666667,3.0,43.058822815100534,0.6,17.099999999999973
inf,54.638888888888886,5.0,32.273271343479834,0.72,17.199999999999974,125.0,43.7,1.0,30.812497464502936,1.0,17.199999999999974,136.0,46.88,3.0,29.443260688992993,1.0,17.199999999999974,350.0,57.04,3.0,52.81021113383282,1.0,17.199999999999974,inf,60.06666666666667,3.0,43.058822815100534,0.6,17.199999999999974
inf,54.638888888888886,5.0,32.273271343479834,0.72,17.299999999999976,125.0,43.7,1.0,30.812497464502936,1.0,17.299999999999976,136.0,46.88,3.0,29.443260688992993,1.0,17.299999999999976,350.0,57.04,3.0,52.81021113383282,1.0,17.299999999999976,inf,60.06666666666667,3.0,43.058822815100534,0.6,17.299999999999976
inf,54.638888888888886,5.0,32.273271343479834,0.72,17.399999999999977,125.0,43.7,1.0,30.812497464502936,1.0,17.399999999999977,136.0,46.88,3.0,29.443260688992993,1.0,17.399999999999977,350.0,57.04,3.0,52.81021113383282,1.0,17.399999999999977,inf,60.06666666666667,3.0,43.058822815100534,0.6,17.399999999999977
inf,54.638888888888886,5.0,32.273271343479834,0.72,17.49999999999998,125.0,43.7,1.0,30.812497464502936,1.0,17.49999999999998,136.0,46.88,3.0,29.443260688992993,1.0,17.49999999999998,350.0,57.04,3.0,52.81021113383282,1.0,17.49999999999998,inf,60.06666666666667,3.0,43.058822815100534,0.6,17.49999999999998
inf,54.638888888888886,5.0,32.273271343479834,0.72,17.59999999999998,125.0,43.7,1.0,30.812497464502936,1.0,17.59999999999998,136.0,46.88,3.0,29.443260688992993,1.0,17.59999999999998,350.0,57.04,3.0,52.81021113383282,1.0,17.59999999999998,inf,60.06666666666667,3.0,43.058822815100534,0.6,17.59999999999998
inf,54.638888888888886,5.0,32.273271343479834,0.72,17.69999999999998,125.0,43.7,1.0,30.812497464502936,1.0,17.69999999999998,136.0,46.88,3.0,29.443260688992993,1.0,17.69999999999998,350.0,57.04,3.0,52.81021113383282,1.0,17.69999999999998,inf,60.06666666666667,3.0,43.058822815100534,0.6,17.69999999999998
inf,54.638888888888886,5.0,32.273271343479834,0.72,17.799999999999983,125.0,43.7,1.0,30.812497464502936,1.0,17.799999999999983,136.0,46.88,3.0,29.443260688992993,1.0,17.799999999999983,350.0,57.04,3.0,52.81021113383282,1.0,17.799999999999983,inf,60.06666666666667,3.0,43.058822815100534,0.6,17.799999999999983
inf,54.638888888888886,5.0,32.273271343479834,0.72,17.899999999999984,125.0,43.7,1.0,30.812497464502936,1.0,17.899999999999984,136.0,46.88,3.0,29.443260688992993,1.0,17.899999999999984,350.0,57.04,3.0,52.81021113383282,1.0,17.899999999999984,inf,60.06666666666667,3.0,43.058822815100534,0.6,17.899999999999984
inf,54.638888888888886,5.0,32.273271343479834,0.72,17.999999999999986,125.0,43.7,1.0,30.812497464502936,1.0,17.999999999999986,136.0,46.88,3.0,29.443260688992993,1.0,17.999999999999986,350.0,57.04,3.0,52.81021113383282,1.0,17.999999999999986,inf,60.06666666666667,3.0,43.058822815100534,0.6,17.999999999999986
inf,54.638888888888886,5.0,32.273271343479834,0.72,18.099999999999987,125.0,43.7,1.0,30.812497464502936,1.0,18.099999999999987,136.0,46.88,3.0,29.443260688992993,1.0,18.099999999999987,350.0,57.04,3.0,52.81021113383282,1.0,18.099999999999987,inf,60.06666666666667,3.0,43.058822815100534,0.6,18.099999999999987
inf,54.638888888888886,5.0,32.273271343479834,0.72,18.19999999999999,125.0,43.7,1.0,30.812497464502936,1.0,18.19999999999999,136.0,46.88,3.0,29.443260688992993,1.0,18.19999999999999,350.0,57.04,3.0,52.81021113383282,1.0,18.19999999999999,inf,60.06666666666667,3.0,43.058822815100534,0.6,18.19999999999999
inf,54.638888888888886,5.0,32.273271343479834,0.72,18.29999999999999,125.0,43.7,1.0,30.812497464502936,1.0,18.29999999999999,136.0,46.88,3.0,29.443260688992993,1.0,18.29999999999999,350.0,57.04,3.0,52.81021113383282,1.0,18.29999999999999,inf,60.06666666666667,3.0,43.058822815100534,0.6,18.29999999999999
inf,54.638888888888886,5.0,32.273271343479834,0.72,18.39999999999999,125.0,43.7,1.0,30.812497464502936,1.0,18.39999999999999,136.0,46.88,3.0,29.443260688992993,1.0,18.39999999999999,350.0,57.04,3.0,52.81021113383282,1.0,18.39999999999999,inf,60.06666666666667,3.0,43.058822815100534,0.6,18.39999999999999
inf,54.638888888888886,5.0,32.273271343479834,0.72,18.499999999999993,125.0,43.7,1.0,30.812497464502936,1.0,18.499999999999993,136.0,46.88,3.0,29.443260688992993,1.0,18.499999999999993,350.0,57.04,3.0,52.81021113383282,1.0,18.499999999999993,inf,60.06666666666667,3.0,43.058822815100534,0.6,18.499999999999993
inf,54.638888888888886,5.0,32.273271343479834,0.72,18.599999999999994,125.0,43.7,1.0,30.812497464502936,1.0,18.599999999999994,136.0,46.88,3.0,29.443260688992993,1.0,18.599999999999994,350.0,57.04,3.0,52.81021113383282,1.0,18.599999999999994,inf,60.06666666666667,3.0,43.058822815100534,0.6,18.599999999999994
inf,54.638888888888886,5.0,32.273271343479834,0.72,18.699999999999996,125.0,43.7,1.0,30.812497464502936,1.0,18.699999999999996,136.0,46.88,3.0,29.443260688992993,1.0,18.699999999999996,350.0,57.04,3.0,52.81021113383282,1.0,18.699999999999996,inf,60.06666666666667,3.0,43.058822815100534,0.6,18.699999999999996
inf,54.638888888888886,5.0,32.273271343479834,0.72,18.799999999999997,125.0,43.7,1.0,30.812497464502936,1.0,18.799999999999997,136.0,46.88,3.0,29.443260688992993,1.0,18.799999999999997,350.0,57.04,3.0,52.81021113383282,1.0,18.799999999999997,inf,60.06666666666667,3.0,43.058822815100534,0.6,18.799999999999997
inf,54.638888888888886,5.0,32.273271343479834,0.72,18.9,125.0,43.7,1.0,30.812497464502936,1.0,18.9,136.0,46.88,3.0,29.443260688992993,1.0,18.9,350.0,57.04,3.0,52.81021113383282,1.0,18.9,inf,60.06666666666667,3.0,43.058822815100534,0.6,18.9
inf,54.638888888888886,5.0,32.273271343479834,0.72,19.0,125.0,43.7,1.0,30.812497464502936,1.0,19.0,136.0,46.88,3.0,29.443260688992993,1.0,19.0,350.0,57.04,3.0,52.81021113383282,1.0,19.0,inf,60.06666666666667,3.0,43.058822815100534,0.6,19.0
inf,54.638888888888886,5.0,32.273271343479834,0.72,19.1,125.0,43.7,1.0,30.812497464502936,1.0,19.1,136.0,46.88,3.0,29.443260688992993,1.0,19.1,350.0,57.04,3.0,52.81021113383282,1.0,19.1,inf,60.06666666666667,3.0,43.058822815100534,0.6,19.1
inf,54.638888888888886,5.0,32.273271343479834,0.72,19.200000000000003,125.0,43.7,1.0,30.812497464502936,1.0,19.200000000000003,136.0,46.88,3.0,29.443260688992993,1.0,19.200000000000003,350.0,57.04,3.0,52.81021113383282,1.0,19.200000000000003,inf,60.06666666666667,3.0,43.058822815100534,0.6,19.200000000000003
inf,54.638888888888886,5.0,32.273271343479834,0.72,19.300000000000004,125.0,43.7,1.0,30.812497464502936,1.0,19.300000000000004,136.0,46.88,3.0,29.443260688992993,1.0,19.300000000000004,350.0,57.04,3.0,52.81021113383282,1.0,19.300000000000004,inf,60.06666666666667,3.0,43.058822815100534,0.6,19.300000000000004
inf,54.638888888888886,5.0,32.273271343479834,0.72,19.400000000000006,125.0,43.7,1.0,30.812497464502936,1.0,19.400000000000006,136.0,46.88,3.0,29.443260688992993,1.0,19.400000000000006,350.0,57.04,3.0,52.81021113383282,1.0,19.400000000000006,inf,60.06666666666667,3.0,43.058822815100534,0.6,19.400000000000006
inf,54.638888888888886,5.0,32.273271343479834,0.72,19.500000000000007,125.0,43.7,1.0,30.812497464502936,1.0,19.500000000000007,136.0,46.88,3.0,29.443260688992993,1.0,19.500000000000007,350.0,57.04,3.0,52.81021113383282,1.0,19.500000000000007,inf,60.06666666666667,3.0,43.058822815100534,0.6,19.500000000000007
inf,54.638888888888886,5.0,32.273271343479834,0.72,19.60000000000001,125.0,43.7,1.0,30.812497464502936,1.0,19.60000000000001,136.0,46.88,3.0,29.443260688992993,1.0,19.60000000000001,350.0,57.04,3.0,52.81021113383282,1.0,19.60000000000001,inf,60.06666666666667,3.0,43.058822815100534,0.6,19.60000000000001
inf,54.638888888888886,5.0,32.273271343479834,0.72,19.70000000000001,125.0,43.7,1.0,30.812497464502936,1.0,19.70000000000001,136.0,46.88,3.0,29.443260688992993,1.0,19.70000000000001,350.0,57.04,3.0,52.81021113383282,1.0,19.70000000000001,inf,60.06666666666667,3.0,43.058822815100534,0.6,19.70000000000001
inf,54.638888888888886,5.0,32.273271343479834,0.72,19.80000000000001,125.0,43.7,1.0,30.812497464502936,1.0,19.80000000000001,136.0,46.88,3.0,29.443260688992993,1.0,19.80000000000001,350.0,57.04,3.0,52.81021113383282,1.0,19.80000000000001,inf,60.06666666666667,3.0,43.058822815100534,0.6,19.80000000000001
inf,54.638888888888886,5.0,32.273271343479834,0.72,19.900000000000013,125.0,43.7,1.0,30.812497464502936,1.0,19.900000000000013,136.0,46.88,3.0,29.443260688992993,1.0,19.900000000000013,350.0,57.04,3.0,52.81021113383282,1.0,19.900000000000013,inf,60.06666666666667,3.0,43.058822815100534,0.6,19.900000000000013
inf,54.638888888888886,5.0,32.273271343479834,0.72,20.000000000000014,125.0,43.7,1.0,30.812497464502936,1.0,20.000000000000014,136.0,46.88,3.0,29.443260688992993,1.0,20.000000000000014,350.0,57.04,3.0,52.81021113383282,1.0,20.000000000000014,inf,60.06666666666667,3.0,43.058822815100534,0.6,20.000000000000014
inf,54.638888888888886,5.0,32.273271343479834,0.72,20.100000000000016,125.0,43.7,1.0,30.812497464502936,1.0,20.100000000000016,136.0,46.88,3.0,29.443260688992993,1.0,20.100000000000016,350.0,57.04,3.0,52.81021113383282,1.0,20.100000000000016,inf,60.06666666666667,3.0,43.058822815100534,0.6,20.100000000000016
inf,54.638888888888886,5.0,32.273271343479834,0.72,20.200000000000017,125.0,43.7,1.0,30.812497464502936,1.0,20.200000000000017,136.0,46.88,3.0,29.443260688992993,1.0,20.200000000000017,350.0,57.04,3.0,52.81021113383282,1.0,20.200000000000017,inf,60.06666666666667,3.0,43.058822815100534,0.6,20.200000000000017
inf,54.638888888888886,5.0,32.273271343479834,0.72,20.30000000000002,125.0,43.7,1.0,30.812497464502936,1.0,20.30000000000002,136.0,46.88,3.0,29.443260688992993,1.0,20.30000000000002,350.0,57.04,3.0,52.81021113383282,1.0,20.30000000000002,inf,60.06666666666667,3.0,43.058822815100534,0.6,20.30000000000002
inf,54.638888888888886,5.0,32.273271343479834,0.72,20.40000000000002,125.0,43.7,1.0,30.812497464502936,1.0,20.40000000000002,136.0,46.88,3.0,29.443260688992993,1.0,20.40000000000002,350.0,57.04,3.0,52.81021113383282,1.0,20.40000000000002,inf,60.06666666666667,3.0,43.058822815100534,0.6,20.40000000000002
inf,54.638888888888886,5.0,32.273271343479834,0.72,20.50000000000002,125.0,43.7,1.0,30.812497464502936,1.0,20.50000000000002,136.0,46.88,3.0,29.443260688992993,1.0,20.50000000000002,350.0,57.04,3.0,52.81021113383282,1.0,20.50000000000002,inf,60.06666666666667,3.0,43.058822815100534,0.6,20.50000000000002
inf,54.638888888888886,5.0,32.273271343479834,0.72,20.600000000000023,125.0,43.7,1.0,30.812497464502936,1.0,20.600000000000023,136.0,46.88,3.0,29.443260688992993,1.0,20.600000000000023,350.0,57.04,3.0,52.81021113383282,1.0,20.600000000000023,inf,60.06666666666667,3.0,43.058822815100534,0.6,20.600000000000023
inf,54.638888888888886,5.0,32.273271343479834,0.72,20.700000000000024,125.0,43.7,1.0,30.812497464502936,1.0,20.700000000000024,136.0,46.88,3.0,29.443260688992993,1.0,20.700000000000024,350.0,57.04,3.0,52.81021113383282,1.0,20.700000000000024,inf,60.06666666666667,3.0,43.058822815100534,0.6,20.700000000000024
inf,54.638888888888886,5.0,32.273271343479834,0.72,20.800000000000026,125.0,43.7,1.0,30.812497464502936,1.0,20.800000000000026,136.0,46.88,3.0,29.443260688992993,1.0,20.800000000000026,350.0,57.04,3.0,52.81021113383282,1.0,20.800000000000026,inf,60.06666666666667,3.0,43.058822815100534,0.6,20.800000000000026
inf,54.638888888888886,5.0,32.273271343479834,0.72,20.900000000000027,125.0,43.7,1.0,30.812497464502936,1.0,20.900000000000027,136.0,46.88,3.0,29.443260688992993,1.0,20.900000000000027,350.0,57.04,3.0,52.81021113383282,1.0,20.900000000000027,inf,60.06666666666667,3.0,43.058822815100534,0.6,20.900000000000027
inf,54.638888888888886,5.0,32.273271343479834,0.72,21.00000000000003,125.0,43.7,1.0,30.812497464502936,1.0,21.00000000000003,136.0,46.88,3.0,29.443260688992993,1.0,21.00000000000003,350.0,57.04,3.0,52.81021113383282,1.0,21.00000000000003,inf,60.06666666666667,3.0,43.058822815100534,0.6,21.00000000000003
inf,54.638888888888886,5.0,32.273271343479834,0.72,21.10000000000003,125.0,43.7,1.0,30.812497464502936,1.0,21.10000000000003,136.0,46.88,3.0,29.443260688992993,1.0,21.10000000000003,350.0,57.04,3.0,52.81021113383282,1.0,21.10000000000003,inf,60.06666666666667,3.0,43.058822815100534,0.6,21.10000000000003
inf,54.638888888888886,5.0,32.273271343479834,0.72,21.20000000000003,125.0,43.7,1.0,30.812497464502936,1.0,21.20000000000003,136.0,46.88,3.0,29.443260688992993,1.0,21.20000000000003,350.0,57.04,3.0,52.81021113383282,1.0,21.20000000000003,inf,60.06666666666667,3.0,43.058822815100534,0.6,21.20000000000003
inf,54.638888888888886,5.0,32.273271343479834,0.72,21.300000000000033,125.0,43.7,1.0,30.812497464502936,1.0,21.300000000000033,136.0,46.88,3.0,29.443260688992993,1.0,21.300000000000033,350.0,57.04,3.0,52.81021113383282,1.0,21.300000000000033,inf,60.06666666666667,3.0,43.058822815100534,0.6,21.300000000000033
inf,54.638888888888886,5.0,32.273271343479834,0.72,21.400000000000034,125.0,43.7,1.0,30.812497464502936,1.0,21.400000000000034,136.0,46.88,3.0,29.443260688992993,1.0,21.400000000000034,350.0,57.04,3.0,52.81021113383282,1.0,21.400000000000034,inf,60.06666666666667,3.0,43.058822815100534,0.6,21.400000000000034
inf,54.638888888888886,5.0,32.273271343479834,0.72,21.500000000000036,125.0,43.7,1.0,30.812497464502936,1.0,21.500000000000036,136.0,46.88,3.0,29.443260688992993,1.0,21.500000000000036,350.0,57.04,3.0,52.81021113383282,1.0,21.500000000000036,inf,60.06666666666667,3.0,43.058822815100534,0.6,21.500000000000036
inf,54.638888888888886,5.0,32.273271343479834,0.72,21.600000000000037,125.0,43.7,1.0,30.812497464502936,1.0,21.600000000000037,136.0,46.88,3.0,29.443260688992993,1.0,21.600000000000037,350.0,57.04,3.0,52.81021113383282,1.0,21.600000000000037,inf,60.06666666666667,3.0,43.058822815100534,0.6,21.600000000000037
inf,54.638888888888886,5.0,32.273271343479834,0.72,21.70000000000004,125.0,43.7,1.0,30.812497464502936,1.0,21.70000000000004,136.0,46.88,3.0,29.443260688992993,1.0,21.70000000000004,350.0,57.04,3.0,52.81021113383282,1.0,21.70000000000004,inf,60.06666666666667,3.0,43.058822815100534,0.6,21.70000000000004
inf,54.638888888888886,5.0,32.273271343479834,0.72,21.80000000000004,125.0,43.7,1.0,30.812497464502936,1.0,21.80000000000004,136.0,46.88,3.0,29.443260688992993,1.0,21.80000000000004,350.0,57.04,3.0,52.81021113383282,1.0,21.80000000000004,inf,60.06666666666667,3.0,43.058822815100534,0.6,21.80000000000004
inf,54.638888888888886,5.0,32.273271343479834,0.72,21.90000000000004,125.0,43.7,1.0,30.812497464502936,1.0,21.90000000000004,136.0,46.88,3.0,29.443260688992993,1.0,21.90000000000004,350.0,57.04,3.0,52.81021113383282,1.0,21.90000000000004,inf,60.06666666666667,3.0,43.058822815100534,0.6,21.90000000000004
inf,54.638888888888886,5.0,32.273271343479834,0.72,22.000000000000043,125.0,43.7,1.0,30.812497464502936,1.0,22.000000000000043,136.0,46.88,3.0,29.443260688992993,1.0,22.000000000000043,350.0,57.04,3.0,52.81021113383282,1.0,22.000000000000043,inf,60.06666666666667,3.0,43.058822815100534,0.6,22.000000000000043
inf,54.638888888888886,5.0,32.273271343479834,0.72,22.100000000000044,125.0,43.7,1.0,30.812497464502936,1.0,22.100000000000044,136.0,46.88,3.0,29.443260688992993,1.0,22.100000000000044,350.0,57.04,3.0,52.81021113383282,1.0,22.100000000000044,inf,60.06666666666667,3.0,43.058822815100534,0.6,22.100000000000044
inf,54.638888888888886,5.0,32.273271343479834,0.72,22.200000000000045,125.0,43.7,1.0,30.812497464502936,1.0,22.200000000000045,136.0,46.88,3.0,29.443260688992993,1.0,22.200000000000045,350.0,57.04,3.0,52.81021113383282,1.0,22.200000000000045,inf,60.06666666666667,3.0,43.058822815100534,0.6,22.200000000000045
inf,54.638888888888886,5.0,32.273271343479834,0.72,22.300000000000047,125.0,43.7,1.0,30.812497464502936,1.0,22.300000000000047,136.0,46.88,3.0,29.443260688992993,1.0,22.300000000000047,350.0,57.04,3.0,52.81021113383282,1.0,22.300000000000047,inf,60.06666666666667,3.0,43.058822815100534,0.6,22.300000000000047
inf,54.638888888888886,5.0,32.273271343479834,0.72,22.40000000000005,125.0,43.7,1.0,30.812497464502936,1.0,22.40000000000005,136.0,46.88,3.0,29.443260688992993,1.0,22.40000000000005,350.0,57.04,3.0,52.81021113383282,1.0,22.40000000000005,inf,60.06666666666667,3.0,43.058822815100534,0.6,22.40000000000005
inf,54.638888888888886,5.0,32.273271343479834,0.72,22.50000000000005,125.0,43.7,1.0,30.812497464502936,1.0,22.50000000000005,136.0,46.88,3.0,29.443260688992993,1.0,22.50000000000005,350.0,57.04,3.0,52.81021113383282,1.0,22.50000000000005,inf,60.06666666666667,3.0,43.058822815100534,0.6,22.50000000000005
inf,54.638888888888886,5.0,32.273271343479834,0.72,22.60000000000005,125.0,43.7,1.0,30.812497464502936,1.0,22.60000000000005,136.0,46.88,3.0,29.443260688992993,1.0,22.60000000000005,350.0,57.04,3.0,52.81021113383282,1.0,22.60000000000005,inf,60.06666666666667,3.0,43.058822815100534,0.6,22.60000000000005
inf,54.638888888888886,5.0,32.273271343479834,0.72,22.700000000000053,125.0,43.7,1.0,30.812497464502936,1.0,22.700000000000053,136.0,46.88,3.0,29.443260688992993,1.0,22.700000000000053,350.0,57.04,3.0,52.81021113383282,1.0,22.700000000000053,inf,60.06666666666667,3.0,43.058822815100534,0.6,22.700000000000053
inf,54.638888888888886,5.0,32.273271343479834,0.72,22.800000000000054,125.0,43.7,1.0,30.812497464502936,1.0,22.800000000000054,136.0,46.88,3.0,29.443260688992993,1.0,22.800000000000054,350.0,57.04,3.0,52.81021113383282,1.0,22.800000000000054,inf,60.06666666666667,3.0,43.058822815100534,0.6,22.800000000000054
inf,54.638888888888886,5.0,32.273271343479834,0.72,22.900000000000055,125.0,43.7,1.0,30.812497464502936,1.0,22.900000000000055,136.0,46.88,3.0,29.443260688992993,1.0,22.900000000000055,350.0,57.04,3.0,52.81021113383282,1.0,22.900000000000055,inf,60.06666666666667,3.0,43.058822815100534,0.6,22.900000000000055
inf,54.638888888888886,5.0,32.273271343479834,0.72,23.000000000000057,125.0,43.7,1.0,30.812497464502936,1.0,23.000000000000057,136.0,46.88,3.0,29.443260688992993,1.0,23.000000000000057,350.0,57.04,3.0,52.81021113383282,1.0,23.000000000000057,inf,60.06666666666667,3.0,43.058822815100534,0.6,23.000000000000057
inf,54.638888888888886,5.0,32.273271343479834,0.72,23.10000000000006,125.0,43.7,1.0,30.812497464502936,1.0,23.10000000000006,136.0,46.88,3.0,29.443260688992993,1.0,23.10000000000006,350.0,57.04,3.0,52.81021113383282,1.0,23.10000000000006,inf,60.06666666666667,3.0,43.058822815100534,0.6,23.10000000000006
inf,54.638888888888886,5.0,32.273271343479834,0.72,23.20000000000006,125.0,43.7,1.0,30.812497464502936,1.0,23.20000000000006,136.0,46.88,3.0,29.443260688992993,1.0,23.20000000000006,350.0,57.04,3.0,52.81021113383282,1.0,23.20000000000006,inf,60.06666666666667,3.0,43.058822815100534,0.6,23.20000000000006
inf,54.638888888888886,5.0,32.273271343479834,0.72,23.30000000000006,125.0,43.7,1.0,30.812497464502936,1.0,23.30000000000006,136.0,46.88,3.0,29.443260688992993,1.0,23.30000000000006,350.0,57.04,3.0,52.81021113383282,1.0,23.30000000000006,inf,60.06666666666667,3.0,43.058822815100534,0.6,23.30000000000006
inf,54.638888888888886,5.0,32.273271343479834,0.72,23.400000000000063,125.0,43.7,1.0,30.812497464502936,1.0,23.400000000000063,136.0,46.88,3.0,29.443260688992993,1.0,23.400000000000063,350.0,57.04,3.0,52.81021113383282,1.0,23.400000000000063,inf,60.06666666666667,3.0,43.058822815100534,0.6,23.400000000000063
inf,54.638888888888886,5.0,32.273271343479834,0.72,23.500000000000064,125.0,43.7,1.0,30.812497464502936,1.0,23.500000000000064,136.0,46.88,3.0,29.443260688992993,1.0,23.500000000000064,350.0,57.04,3.0,52.81021113383282,1.0,23.500000000000064,inf,60.06666666666667,3.0,43.058822815100534,0.6,23.500000000000064
inf,54.638888888888886,5.0,32.273271343479834,0.72,23.600000000000065,125.0,43.7,1.0,30.812497464502936,1.0,23.600000000000065,136.0,46.88,3.0,29.443260688992993,1.0,23.600000000000065,350.0,57.04,3.0,52.81021113383282,1.0,23.600000000000065,inf,60.06666666666667,3.0,43.058822815100534,0.6,23.600000000000065
inf,54.638888888888886,5.0,32.273271343479834,0.72,23.700000000000067,125.0,43.7,1.0,30.812497464502936,1.0,23.700000000000067,136.0,46.88,3.0,29.443260688992993,1.0,23.700000000000067,350.0,57.04,3.0,52.81021113383282,1.0,23.700000000000067,inf,60.06666666666667,3.0,43.058822815100534,0.6,23.700000000000067
inf,54.638888888888886,5.0,32.273271343479834,0.72,23.800000000000068,125.0,43.7,1.0,30.812497464502936,1.0,23.800000000000068,136.0,46.88,3.0,29.443260688992993,1.0,23.800000000000068,350.0,57.04,3.0,52.81021113383282,1.0,23.800000000000068,inf,60.06666666666667,3.0,43.058822815100534,0.6,23.800000000000068
inf,54.638888888888886,5.0,32.273271343479834,0.72,23.90000000000007,125.0,43.7,1.0,30.812497464502936,1.0,23.90000000000007,136.0,46.88,3.0,29.443260688992993,1.0,23.90000000000007,350.0,57.04,3.0,52.81021113383282,1.0,23.90000000000007,inf,60.06666666666667,3.0,43.058822815100534,0.6,23.90000000000007
inf,54.638888888888886,5.0,32.273271343479834,0.72,24.00000000000007,125.0,43.7,1.0,30.812497464502936,1.0,24.00000000000007,136.0,46.88,3.0,29.443260688992993,1.0,24.00000000000007,350.0,57.04,3.0,52.81021113383282,1.0,24.00000000000007,inf,60.06666666666667,3.0,43.058822815100534,0.6,24.00000000000007
inf,54.638888888888886,5.0,32.273271343479834,0.72,24.100000000000072,125.0,43.7,1.0,30.812497464502936,1.0,24.100000000000072,136.0,46.88,3.0,29.443260688992993,1.0,24.100000000000072,350.0,57.04,3.0,52.81021113383282,1.0,24.100000000000072,inf,60.06666666666667,3.0,43.058822815100534,0.6,24.100000000000072
inf,54.638888888888886,5.0,32.273271343479834,0.72,24.200000000000074,125.0,43.7,1.0,30.812497464502936,1.0,24.200000000000074,136.0,46.88,3.0,29.443260688992993,1.0,24.200000000000074,350.0,57.04,3.0,52.81021113383282,1.0,24.200000000000074,inf,60.06666666666667,3.0,43.058822815100534,0.6,24.200000000000074
inf,54.638888888888886,5.0,32.273271343479834,0.72,24.300000000000075,125.0,43.7,1.0,30.812497464502936,1.0,24.300000000000075,136.0,46.88,3.0,29.443260688992993,1.0,24.300000000000075,350.0,57.04,3.0,52.81021113383282,1.0,24.300000000000075,inf,60.06666666666667,3.0,43.058822815100534,0.6,24.300000000000075
inf,54.638888888888886,5.0,32.273271343479834,0.72,24.400000000000077,125.0,43.7,1.0,30.812497464502936,1.0,24.400000000000077,136.0,46.88,3.0,29.443260688992993,1.0,24.400000000000077,350.0,57.04,3.0,52.81021113383282,1.0,24.400000000000077,inf,60.06666666666667,3.0,43.058822815100534,0.6,24.400000000000077
inf,54.638888888888886,5.0,32.273271343479834,0.72,24.500000000000078,125.0,43.7,1.0,30.812497464502936,1.0,24.500000000000078,136.0,46.88,3.0,29.443260688992993,1.0,24.500000000000078,350.0,57.04,3.0,52.81021113383282,1.0,24.500000000000078,inf,60.06666666666667,3.0,43.058822815100534,0.6,24.500000000000078
inf,54.638888888888886,5.0,32.273271343479834,0.72,24.60000000000008,125.0,43.7,1.0,30.812497464502936,1.0,24.60000000000008,136.0,46.88,3.0,29.443260688992993,1.0,24.60000000000008,350.0,57.04,3.0,52.81021113383282,1.0,24.60000000000008,inf,60.06666666666667,3.0,43.058822815100534,0.6,24.60000000000008
inf,54.638888888888886,5.0,32.273271343479834,0.72,24.70000000000008,125.0,43.7,1.0,30.812497464502936,1.0,24.70000000000008,136.0,46.88,3.0,29.443260688992993,1.0,24.70000000000008,350.0,57.04,3.0,52.81021113383282,1.0,24.70000000000008,inf,60.06666666666667,3.0,43.058822815100534,0.6,24.70000000000008
inf,54.638888888888886,5.0,32.273271343479834,0.72,24.800000000000082,125.0,43.7,1.0,30.812497464502936,1.0,24.800000000000082,136.0,46.88,3.0,29.443260688992993,1.0,24.800000000000082,350.0,57.04,3.0,52.81021113383282,1.0,24.800000000000082,inf,60.06666666666667,3.0,43.058822815100534,0.6,24.800000000000082
inf,54.638888888888886,5.0,32.273271343479834,0.72,24.900000000000084,125.0,43.7,1.0,30.812497464502936,1.0,24.900000000000084,136.0,46.88,3.0,29.443260688992993,1.0,24.900000000000084,350.0,57.04,3.0,52.81021113383282,1.0,24.900000000000084,inf,60.06666666666667,3.0,43.058822815100534,0.6,24.900000000000084
inf,54.638888888888886,5.0,32.273271343479834,0.72,25.000000000000085,125.0,43.7,1.0,30.812497464502936,1.0,25.000000000000085,136.0,46.88,3.0,29.443260688992993,1.0,25.000000000000085,350.0,57.04,3.0,52.81021113383282,1.0,25.000000000000085,inf,60.06666666666667,3.0,43.058822815100534,0.6,25.000000000000085
inf,54.638888888888886,5.0,32.273271343479834,0.72,25.100000000000087,125.0,43.7,1.0,30.812497464502936,1.0,25.100000000000087,136.0,46.88,3.0,29.443260688992993,1.0,25.100000000000087,350.0,57.04,3.0,52.81021113383282,1.0,25.100000000000087,inf,60.06666666666667,3.0,43.058822815100534,0.6,25.100000000000087
inf,54.638888888888886,5.0,32.273271343479834,0.72,25.200000000000088,125.0,43.7,1.0,30.812497464502936,1.0,25.200000000000088,136.0,46.88,3.0,29.443260688992993,1.0,25.200000000000088,350.0,57.04,3.0,52.81021113383282,1.0,25.200000000000088,inf,60.06666666666667,3.0,43.058822815100534,0.6,25.200000000000088
inf,54.638888888888886,5.0,32.273271343479834,0.72,25.30000000000009,125.0,43.7,1.0,30.812497464502936,1.0,25.30000000000009,136.0,46.88,3.0,29.443260688992993,1.0,25.30000000000009,350.0,57.04,3.0,52.81021113383282,1.0,25.30000000000009,inf,60.06666666666667,3.0,43.058822815100534,0.6,25.30000000000009
inf,54.638888888888886,5.0,32.273271343479834,0.72,25.40000000000009,125.0,43.7,1.0,30.812497464502936,1.0,25.40000000000009,136.0,46.88,3.0,29.443260688992993,1.0,25.40000000000009,350.0,57.04,3.0,52.81021113383282,1.0,25.40000000000009,inf,60.06666666666667,3.0,43.058822815100534,0.6,25.40000000000009
inf,54.638888888888886,5.0,32.273271343479834,0.72,25.500000000000092,125.0,43.7,1.0,30.812497464502936,1.0,25.500000000000092,136.0,46.88,3.0,29.443260688992993,1.0,25.500000000000092,350.0,57.04,3.0,52.81021113383282,1.0,25.500000000000092,inf,60.06666666666667,3.0,43.058822815100534,0.6,25.500000000000092
inf,54.638888888888886,5.0,32.273271343479834,0.72,25.600000000000094,125.0,43.7,1.0,30.812497464502936,1.0,25.600000000000094,136.0,46.88,3.0,29.443260688992993,1.0,25.600000000000094,350.0,57.04,3.0,52.81021113383282,1.0,25.600000000000094,inf,60.06666666666667,3.0,43.058822815100534,0.6,25.600000000000094
inf,54.638888888888886,5.0,32.273271343479834,0.72,25.700000000000095,125.0,43.7,1.0,30.812497464502936,1.0,25.700000000000095,136.0,46.88,3.0,29.443260688992993,1.0,25.700000000000095,350.0,57.04,3.0,52.81021113383282,1.0,25.700000000000095,inf,60.06666666666667,3.0,43.058822815100534,0.6,25.700000000000095
inf,54.638888888888886,5.0,32.273271343479834,0.72,25.800000000000097,125.0,43.7,1.0,30.812497464502936,1.0,25.800000000000097,136.0,46.88,3.0,29.443260688992993,1.0,25.800000000000097,350.0,57.04,3.0,52.81021113383282,1.0,25.800000000000097,inf,60.06666666666667,3.0,43.058822815100534,0.6,25.800000000000097
inf,54.638888888888886,5.0,32.273271343479834,0.72,25.900000000000098,125.0,43.7,1.0,30.812497464502936,1.0,25.900000000000098,136.0,46.88,3.0,29.443260688992993,1.0,25.900000000000098,350.0,57.04,3.0,52.81021113383282,1.0,25.900000000000098,inf,60.06666666666667,3.0,43.058822815100534,0.6,25.900000000000098
inf,54.638888888888886,5.0,32.273271343479834,0.72,26.0000000000001,125.0,43.7,1.0,30.812497464502936,1.0,26.0000000000001,136.0,46.88,3.0,29.443260688992993,1.0,26.0000000000001,350.0,57.04,3.0,52.81021113383282,1.0,26.0000000000001,inf,60.06666666666667,3.0,43.058822815100534,0.6,26.0000000000001
inf,54.638888888888886,5.0,32.273271343479834,0.72,26.1000000000001,125.0,43.7,1.0,30.812497464502936,1.0,26.1000000000001,136.0,46.88,3.0,29.443260688992993,1.0,26.1000000000001,350.0,57.04,3.0,52.81021113383282,1.0,26.1000000000001,inf,60.06666666666667,3.0,43.058822815100534,0.6,26.1000000000001
inf,54.638888888888886,5.0,32.273271343479834,0.72,26.200000000000102,125.0,43.7,1.0,30.812497464502936,1.0,26.200000000000102,136.0,46.88,3.0,29.443260688992993,1.0,26.200000000000102,350.0,57.04,3.0,52.81021113383282,1.0,26.200000000000102,inf,60.06666666666667,3.0,43.058822815100534,0.6,26.200000000000102
inf,54.638888888888886,5.0,32.273271343479834,0.72,26.300000000000104,125.0,43.7,1.0,30.812497464502936,1.0,26.300000000000104,136.0,46.88,3.0,29.443260688992993,1.0,26.300000000000104,350.0,57.04,3.0,52.81021113383282,1.0,26.300000000000104,inf,60.06666666666667,3.0,43.058822815100534,0.6,26.300000000000104
inf,54.638888888888886,5.0,32.273271343479834,0.72,26.400000000000105,125.0,43.7,1.0,30.812497464502936,1.0,26.400000000000105,136.0,46.88,3.0,29.443260688992993,1.0,26.400000000000105,350.0,57.04,3.0,52.81021113383282,1.0,26.400000000000105,inf,60.06666666666667,3.0,43.058822815100534,0.6,26.400000000000105
inf,54.638888888888886,5.0,32.273271343479834,0.72,26.500000000000107,125.0,43.7,1.0,30.812497464502936,1.0,26.500000000000107,136.0,46.88,3.0,29.443260688992993,1.0,26.500000000000107,350.0,57.04,3.0,52.81021113383282,1.0,26.500000000000107,inf,60.06666666666667,3.0,43.058822815100534,0.6,26.500000000000107
inf,54.638888888888886,5.0,32.273271343479834,0.72,26.600000000000108,125.0,43.7,1.0,30.812497464502936,1.0,26.600000000000108,136.0,46.88,3.0,29.443260688992993,1.0,26.600000000000108,350.0,57.04,3.0,52.81021113383282,1.0,26.600000000000108,inf,60.06666666666667,3.0,43.058822815100534,0.6,26.600000000000108
inf,54.638888888888886,5.0,32.273271343479834,0.72,26.70000000000011,125.0,43.7,1.0,30.812497464502936,1.0,26.70000000000011,136.0,46.88,3.0,29.443260688992993,1.0,26.70000000000011,350.0,57.04,3.0,52.81021113383282,1.0,26.70000000000011,inf,60.06666666666667,3.0,43.058822815100534,0.6,26.70000000000011
inf,54.638888888888886,5.0,32.273271343479834,0.72,26.80000000000011,125.0,43.7,1.0,30.812497464502936,1.0,26.80000000000011,136.0,46.88,3.0,29.443260688992993,1.0,26.80000000000011,350.0,57.04,3.0,52.81021113383282,1.0,26.80000000000011,inf,60.06666666666667,3.0,43.058822815100534,0.6,26.80000000000011
inf,54.638888888888886,5.0,32.273271343479834,0.72,26.900000000000112,125.0,43.7,1.0,30.812497464502936,1.0,26.900000000000112,136.0,46.88,3.0,29.443260688992993,1.0,26.900000000000112,350.0,57.04,3.0,52.81021113383282,1.0,26.900000000000112,inf,60.06666666666667,3.0,43.058822815100534,0.6,26.900000000000112
inf,54.638888888888886,5.0,32.273271343479834,0.72,27.000000000000114,125.0,43.7,1.0,30.812497464502936,1.0,27.000000000000114,136.0,46.88,3.0,29.443260688992993,1.0,27.000000000000114,350.0,57.04,3.0,52.81021113383282,1.0,27.000000000000114,inf,60.06666666666667,3.0,43.058822815100534,0.6,27.000000000000114
inf,54.638888888888886,5.0,32.273271343479834,0.72,27.100000000000115,125.0,43.7,1.0,30.812497464502936,1.0,27.100000000000115,136.0,46.88,3.0,29.443260688992993,1.0,27.100000000000115,350.0,57.04,3.0,52.81021113383282,1.0,27.100000000000115,inf,60.06666666666667,3.0,43.058822815100534,0.6,27.100000000000115
inf,54.638888888888886,5.0,32.273271343479834,0.72,27.200000000000117,125.0,43.7,1.0,30.812497464502936,1.0,27.200000000000117,136.0,46.88,3.0,29.443260688992993,1.0,27.200000000000117,350.0,57.04,3.0,52.81021113383282,1.0,27.200000000000117,inf,60.06666666666667,3.0,43.058822815100534,0.6,27.200000000000117
inf,54.638888888888886,5.0,32.273271343479834,0.72,27.300000000000118,125.0,43.7,1.0,30.812497464502936,1.0,27.300000000000118,136.0,46.88,3.0,29.443260688992993,1.0,27.300000000000118,350.0,57.04,3.0,52.81021113383282,1.0,27.300000000000118,inf,60.06666666666667,3.0,43.058822815100534,0.6,27.300000000000118
inf,54.638888888888886,5.0,32.273271343479834,0.72,27.40000000000012,125.0,43.7,1.0,30.812497464502936,1.0,27.40000000000012,136.0,46.88,3.0,29.443260688992993,1.0,27.40000000000012,350.0,57.04,3.0,52.81021113383282,1.0,27.40000000000012,inf,60.06666666666667,3.0,43.058822815100534,0.6,27.40000000000012
inf,54.638888888888886,5.0,32.273271343479834,0.72,27.50000000000012,125.0,43.7,1.0,30.812497464502936,1.0,27.50000000000012,136.0,46.88,3.0,29.443260688992993,1.0,27.50000000000012,350.0,57.04,3.0,52.81021113383282,1.0,27.50000000000012,inf,60.06666666666667,3.0,43.058822815100534,0.6,27.50000000000012
inf,54.638888888888886,5.0,32.273271343479834,0.72,27.600000000000122,125.0,43.7,1.0,30.812497464502936,1.0,27.600000000000122,136.0,46.88,3.0,29.443260688992993,1.0,27.600000000000122,350.0,57.04,3.0,52.81021113383282,1.0,27.600000000000122,inf,60.06666666666667,3.0,43.058822815100534,0.6,27.600000000000122
inf,54.638888888888886,5.0,32.273271343479834,0.72,27.700000000000124,125.0,43.7,1.0,30.812497464502936,1.0,27.700000000000124,136.0,46.88,3.0,29.443260688992993,1.0,27.700000000000124,350.0,57.04,3.0,52.81021113383282,1.0,27.700000000000124,inf,60.06666666666667,3.0,43.058822815100534,0.6,27.700000000000124
inf,54.638888888888886,5.0,32.273271343479834,0.72,27.800000000000125,125.0,43.7,1.0,30.812497464502936,1.0,27.800000000000125,136.0,46.88,3.0,29.443260688992993,1.0,27.800000000000125,350.0,57.04,3.0,52.81021113383282,1.0,27.800000000000125,inf,60.06666666666667,3.0,43.058822815100534,0.6,27.800000000000125
inf,54.638888888888886,5.0,32.273271343479834,0.72,27.900000000000126,125.0,43.7,1.0,30.812497464502936,1.0,27.900000000000126,136.0,46.88,3.0,29.443260688992993,1.0,27.900000000000126,350.0,57.04,3.0,52.81021113383282,1.0,27.900000000000126,inf,60.06666666666667,3.0,43.058822815100534,0.6,27.900000000000126
inf,54.638888888888886,5.0,32.273271343479834,0.72,28.000000000000128,125.0,43.7,1.0,30.812497464502936,1.0,28.000000000000128,136.0,46.88,3.0,29.443260688992993,1.0,28.000000000000128,350.0,57.04,3.0,52.81021113383282,1.0,28.000000000000128,inf,60.06666666666667,3.0,43.058822815100534,0.6,28.000000000000128
inf,54.638888888888886,5.0,32.273271343479834,0.72,28.10000000000013,125.0,43.7,1.0,30.812497464502936,1.0,28.10000000000013,136.0,46.88,3.0,29.443260688992993,1.0,28.10000000000013,350.0,57.04,3.0,52.81021113383282,1.0,28.10000000000013,inf,60.06666666666667,3.0,43.058822815100534,0.6,28.10000000000013
inf,54.638888888888886,5.0,32.273271343479834,0.72,28.20000000000013,125.0,43.7,1.0,30.812497464502936,1.0,28.20000000000013,136.0,46.88,3.0,29.443260688992993,1.0,28.20000000000013,350.0,57.04,3.0,52.81021113383282,1.0,28.20000000000013,inf,60.06666666666667,3.0,43.058822815100534,0.6,28.20000000000013
inf,54.638888888888886,5.0,32.273271343479834,0.72,28.300000000000132,125.0,43.7,1.0,30.812497464502936,1.0,28.300000000000132,136.0,46.88,3.0,29.443260688992993,1.0,28.300000000000132,350.0,57.04,3.0,52.81021113383282,1.0,28.300000000000132,inf,60.06666666666667,3.0,43.058822815100534,0.6,28.300000000000132
inf,54.638888888888886,5.0,32.273271343479834,0.72,28.400000000000134,125.0,43.7,1.0,30.812497464502936,1.0,28.400000000000134,136.0,46.88,3.0,29.443260688992993,1.0,28.400000000000134,350.0,57.04,3.0,52.81021113383282,1.0,28.400000000000134,inf,60.06666666666667,3.0,43.058822815100534,0.6,28.400000000000134
inf,54.638888888888886,5.0,32.273271343479834,0.72,28.500000000000135,125.0,43.7,1.0,30.812497464502936,1.0,28.500000000000135,136.0,46.88,3.0,29.443260688992993,1.0,28.500000000000135,350.0,57.04,3.0,52.81021113383282,1.0,28.500000000000135,inf,60.06666666666667,3.0,43.058822815100534,0.6,28.500000000000135
inf,54.638888888888886,5.0,32.273271343479834,0.72,28.600000000000136,125.0,43.7,1.0,30.812497464502936,1.0,28.600000000000136,136.0,46.88,3.0,29.443260688992993,1.0,28.600000000000136,350.0,57.04,3.0,52.81021113383282,1.0,28.600000000000136,inf,60.06666666666667,3.0,43.058822815100534,0.6,28.600000000000136
inf,54.638888888888886,5.0,32.273271343479834,0.72,28.700000000000138,125.0,43.7,1.0,30.812497464502936,1.0,28.700000000000138,136.0,46.88,3.0,29.443260688992993,1.0,28.700000000000138,350.0,57.04,3.0,52.81021113383282,1.0,28.700000000000138,inf,60.06666666666667,3.0,43.058822815100534,0.6,28.700000000000138
inf,54.638888888888886,5.0,32.273271343479834,0.72,28.80000000000014,125.0,43.7,1.0,30.812497464502936,1.0,28.80000000000014,136.0,46.88,3.0,29.443260688992993,1.0,28.80000000000014,350.0,57.04,3.0,52.81021113383282,1.0,28.80000000000014,inf,60.06666666666667,3.0,43.058822815100534,0.6,28.80000000000014
inf,54.638888888888886,5.0,32.273271343479834,0.72,28.90000000000014,125.0,43.7,1.0,30.812497464502936,1.0,28.90000000000014,136.0,46.88,3.0,29.443260688992993,1.0,28.90000000000014,350.0,57.04,3.0,52.81021113383282,1.0,28.90000000000014,inf,60.06666666666667,3.0,43.058822815100534,0.6,28.90000000000014
inf,54.638888888888886,5.0,32.273271343479834,0.72,29.000000000000142,125.0,43.7,1.0,30.812497464502936,1.0,29.000000000000142,136.0,46.88,3.0,29.443260688992993,1.0,29.000000000000142,350.0,57.04,3.0,52.81021113383282,1.0,29.000000000000142,inf,60.06666666666667,3.0,43.058822815100534,0.6,29.000000000000142
inf,54.638888888888886,5.0,32.273271343479834,0.72,29.100000000000144,125.0,43.7,1.0,30.812497464502936,1.0,29.100000000000144,136.0,46.88,3.0,29.443260688992993,1.0,29.100000000000144,350.0,57.04,3.0,52.81021113383282,1.0,29.100000000000144,inf,60.06666666666667,3.0,43.058822815100534,0.6,29.100000000000144
inf,54.638888888888886,5.0,32.273271343479834,0.72,29.200000000000145,125.0,43.7,1.0,30.812497464502936,1.0,29.200000000000145,136.0,46.88,3.0,29.443260688992993,1.0,29.200000000000145,350.0,57.04,3.0,52.81021113383282,1.0,29.200000000000145,inf,60.06666666666667,3.0,43.058822815100534,0.6,29.200000000000145
inf,54.638888888888886,5.0,32.273271343479834,0.72,29.300000000000146,125.0,43.7,1.0,30.812497464502936,1.0,29.300000000000146,136.0,46.88,3.0,29.443260688992993,1.0,29.300000000000146,350.0,57.04,3.0,52.81021113383282,1.0,29.300000000000146,inf,60.06666666666667,3.0,43.058822815100534,0.6,29.300000000000146
inf,54.638888888888886,5.0,32.273271343479834,0.72,29.400000000000148,125.0,43.7,1.0,30.812497464502936,1.0,29.400000000000148,136.0,46.88,3.0,29.443260688992993,1.0,29.400000000000148,350.0,57.04,3.0,52.81021113383282,1.0,29.400000000000148,inf,60.06666666666667,3.0,43.058822815100534,0.6,29.400000000000148
inf,54.638888888888886,5.0,32.273271343479834,0.72,29.50000000000015,125.0,43.7,1.0,30.812497464502936,1.0,29.50000000000015,136.0,46.88,3.0,29.443260688992993,1.0,29.50000000000015,350.0,57.04,3.0,52.81021113383282,1.0,29.50000000000015,inf,60.06666666666667,3.0,43.058822815100534,0.6,29.50000000000015
inf,54.638888888888886,5.0,32.273271343479834,0.72,29.60000000000015,125.0,43.7,1.0,30.812497464502936,1.0,29.60000000000015,136.0,46.88,3.0,29.443260688992993,1.0,29.60000000000015,350.0,57.04,3.0,52.81021113383282,1.0,29.60000000000015,inf,60.06666666666667,3.0,43.058822815100534,0.6,29.60000000000015
inf,54.638888888888886,5.0,32.273271343479834,0.72,29.700000000000152,125.0,43.7,1.0,30.812497464502936,1.0,29.700000000000152,136.0,46.88,3.0,29.443260688992993,1.0,29.700000000000152,350.0,57.04,3.0,52.81021113383282,1.0,29.700000000000152,inf,60.06666666666667,3.0,43.058822815100534,0.6,29.700000000000152
inf,54.638888888888886,5.0,32.273271343479834,0.72,29.800000000000153,125.0,43.7,1.0,30.812497464502936,1.0,29.800000000000153,136.0,46.88,3.0,29.443260688992993,1.0,29.800000000000153,350.0,57.04,3.0,52.81021113383282,1.0,29.800000000000153,inf,60.06666666666667,3.0,43.058822815100534,0.6,29.800000000000153
inf,54.638888888888886,5.0,32.273271343479834,0.72,29.900000000000155,125.0,43.7,1.0,30.812497464502936,1.0,29.900000000000155,136.0,46.88,3.0,29.443260688992993,1.0,29.900000000000155,350.0,57.04,3.0,52.81021113383282,1.0,29.900000000000155,inf,60.06666666666667,3.0,43.058822815100534,0.6,29.900000000000155
